date,close,ret_log,y_pred_raw,signal_t,position,strat_ret_log,equity
2020-01-01,37.655,0.0,0.0,0,0,0.0,1.0
2020-01-02,37.655,0.0,0.0,0,0,0.0,1.0
2020-01-03,37.52,-0.0035916234152910675,0.0,0,0,-0.0,1.0
2020-01-06,37.5,-0.0005331911616588414,0.0,0,0,-0.0,1.0
2020-01-07,37.5,0.0,0.0,0,0,0.0,1.0
2020-01-08,37.5,0.0,0.0,0,0,0.0,1.0
2020-01-09,37.575,0.0019980026626731373,0.0,0,0,0.0,1.0
2020-01-10,37.676,0.002684351321532219,0.0,0,0,0.0,1.0
2020-01-13,37.5,-0.004682353984205356,0.0,0,0,-0.0,1.0
2020-01-14,37.73,0.0061146009998540585,0.0,0,0,0.0,1.0
2020-01-15,37.893,0.00431086448372886,0.0,0,0,0.0,1.0
2020-01-16,37.5,-0.010425465483582919,0.0,0,0,-0.0,1.0
2020-01-17,37.5,0.0,0.0,0,0,0.0,1.0
2020-01-20,37.5,0.0,0.0,0,0,0.0,1.0
2020-01-21,37.5,0.0,0.0,0,0,0.0,1.0
2020-01-22,37.5,0.0,0.0,0,0,0.0,1.0
2020-01-23,37.47,-0.0008003201707693641,0.0,0,0,-0.0,1.0
2020-01-24,37.5,0.0008003201707693641,0.0,0,0,0.0,1.0
2020-01-27,37.49,-0.0002667022285445242,0.0,0,0,-0.0,1.0
2020-01-28,37.5,0.0002667022285445242,0.0,0,0,0.0,1.0
2020-01-29,37.4,-0.0026702285558788397,0.0,0,0,-0.0,1.0
2020-01-30,37.435,0.000935391262162355,0.0,0,0,0.0,1.0
2020-01-31,37.5,0.0017348372937164847,0.0,0,0,0.0,1.0
2020-02-03,37.594,0.0025035302180387298,0.0,0,0,0.0,1.0
2020-02-04,37.736,0.003770082787556639,0.0,0,0,0.0,1.0
2020-02-05,37.5,-0.006273613005595369,0.0,0,0,-0.0,1.0
2020-02-06,37.5,0.0,0.0,0,0,0.0,1.0
2020-02-07,37.5,0.0,0.0,0,0,0.0,1.0
2020-02-10,37.5,0.0,0.0,0,0,0.0,1.0
2020-02-11,37.54,0.0010660981819974324,0.0,0,0,0.0,1.0
2020-02-12,37.5,-0.0010660981819974324,0.0,0,0,-0.0,1.0
2020-02-13,37.5,0.0,0.0,0,0,0.0,1.0
2020-02-14,37.5,0.0,0.0,0,0,0.0,1.0
2020-02-17,37.5,0.0,0.0,0,0,0.0,1.0
2020-02-18,37.37,-0.0034726894789725016,0.0,0,0,-0.0,1.0
2020-02-19,37.543,0.0046186992255479176,0.0,0,0,0.0,1.0
2020-02-20,37.5,-0.001146009746575416,0.0,0,0,-0.0,1.0
2020-02-21,37.391,-0.0029108992259714306,0.0,0,0,-0.0,1.0
2020-02-24,37.62,0.006105790122490351,0.0,0,0,0.0,1.0
2020-02-25,37.62,0.0,0.0,0,0,0.0,1.0
2020-02-26,37.62,0.0,0.0,0,0,0.0,1.0
2020-02-27,37.62,0.0,0.0,0,0,0.0,1.0
2020-02-28,37.47,-0.003995211067288285,0.0,0,0,-0.0,1.0
2020-03-02,37.6,0.0034634375902529158,0.0,0,0,0.0,1.0
2020-03-03,37.6,0.0,0.0,0,0,0.0,1.0
2020-03-04,37.6,0.0,0.0,0,0,0.0,1.0
2020-03-05,37.6,0.0,0.0,0,0,0.0,1.0
2020-03-06,37.6,0.0,0.0,0,0,0.0,1.0
2020-03-09,37.605,0.00013296988251765285,0.0,0,0,0.0,1.0
2020-03-10,37.585,-0.0005319856489340857,0.0,0,0,-0.0,1.0
2020-03-11,37.625,0.0010636884396073576,0.0,0,0,0.0,1.0
2020-03-12,37.625,0.0,0.0,0,0,0.0,1.0
2020-03-13,37.695,0.001858736594625654,0.0,0,0,0.0,1.0
2020-03-16,37.598,-0.0025766021718958143,0.0,0,0,-0.0,1.0
2020-03-17,37.698,0.0026561851570954254,0.0,0,0,0.0,1.0
2020-03-18,37.698,0.0,0.0,0,0,0.0,1.0
2020-03-19,37.6,-0.0026029922530161897,0.0,0,0,-0.0,1.0
2020-03-20,37.6,0.0,0.0,0,0,0.0,1.0
2020-03-23,37.6,0.0,0.0,0,0,0.0,1.0
2020-03-24,37.625,0.0006646726731909247,0.0,0,0,0.0,1.0
2020-03-25,37.625,0.0,0.0,0,0,0.0,1.0
2020-03-26,37.625,0.0,0.0,0,0,0.0,1.0
2020-03-27,37.625,0.0,0.0,0,0,0.0,1.0
2020-03-30,37.625,0.0,0.0,0,0,0.0,1.0
2020-03-31,37.625,0.0,0.0,0,0,0.0,1.0
2020-04-01,37.625,0.0,0.0,0,0,0.0,1.0
2020-04-02,37.625,0.0,0.0,0,0,0.0,1.0
2020-04-03,37.9,0.0072823890193411955,0.0,0,0,0.0,1.0
2020-04-06,37.9,0.0,0.0,0,0,0.0,1.0
2020-04-07,37.9,0.0,0.0,0,0,0.0,1.0
2020-04-08,37.9,0.0,0.0,0,0,0.0,1.0
2020-04-09,37.915,0.0003957000645180564,0.0,0,0,0.0,1.0
2020-04-10,37.775,-0.003699303994095793,0.0,0,0,-0.0,1.0
2020-04-13,37.775,0.0,0.0,0,0,0.0,1.0
2020-04-14,37.775,0.0,0.0,0,0,0.0,1.0
2020-04-15,37.775,0.0,0.0,0,0,0.0,1.0
2020-04-16,37.795,0.0005293105853367841,0.0,0,0,0.0,1.0
2020-04-17,37.795,0.0,0.0,0,0,0.0,1.0
2020-04-20,37.81,0.00039679915870172167,0.0,0,0,0.0,1.0
2020-04-21,37.81,0.0,0.0,0,0,0.0,1.0
2020-04-22,37.935,0.003300550887196607,0.0,0,0,0.0,1.0
2020-04-23,38.053,0.0031057560364677883,0.0,0,0,0.0,1.0
2020-04-24,37.925,-0.0033693995919099606,0.0,0,0,-0.0,1.0
2020-04-27,37.925,0.0,0.0,0,0,0.0,1.0
2020-04-28,37.925,0.0,0.0,0,0,0.0,1.0
2020-04-29,37.925,0.0,0.0,0,0,0.0,1.0
2020-04-30,37.926,2.6367483620504117e-05,0.0,0,0,0.0,1.0
2020-05-01,37.3,-0.01664356606844697,0.0,0,0,-0.0,1.0
2020-05-04,37.81,0.01358029125307203,0.0,0,0,0.0,1.0
2020-05-05,37.81,0.0,0.0,0,0,0.0,1.0
2020-05-06,37.81,0.0,0.0,0,0,0.0,1.0
2020-05-07,37.81,0.0,0.0,0,0,0.0,1.0
2020-05-08,37.81,0.0,0.0,0,0,0.0,1.0
2020-05-11,38.615,0.021067184118385818,0.0,0,0,0.0,1.0
2020-05-12,38.598,-0.0004403403643089554,0.0,0,0,-0.0,1.0
2020-05-13,38.512,-0.0022305806162021824,0.0,0,0,-0.0,1.0
2020-05-14,38.69,0.004611287671705266,0.0,0,0,0.0,1.0
2020-05-15,38.54,-0.0038845057262011373,0.0,0,0,-0.0,1.0
2020-05-18,38.65,0.00285011204721064,0.0,0,0,0.0,1.0
2020-05-19,38.65,0.0,0.0,0,0,0.0,1.0
2020-05-20,38.635,-0.0003881736478841269,0.0,0,0,-0.0,1.0
2020-05-21,38.635,0.0,0.0,0,0,0.0,1.0
2020-05-22,38.635,0.0,0.0,0,0,0.0,1.0
2020-05-25,38.635,0.0,0.0,0,0,0.0,1.0
2020-05-26,38.635,0.0,0.0,0,0,0.0,1.0
2020-05-27,38.635,0.0,0.0,0,0,0.0,1.0
2020-05-28,38.615,-0.0005177993643195045,0.0,0,0,-0.0,1.0
2020-05-29,38.615,0.0,0.0,0,0,0.0,1.0
2020-06-01,38.615,0.0,0.0,0,0,0.0,1.0
2020-06-02,38.575,-0.0010364037720029806,0.0,0,0,-0.0,1.0
2020-06-03,38.48,-0.0024657724517189727,0.0,0,0,-0.0,1.0
2020-06-04,38.51,0.0007793220293121905,0.0,0,0,0.0,1.0
2020-06-05,38.51,0.0,0.0,0,0,0.0,1.0
2020-06-08,38.51,0.0,0.0,0,0,0.0,1.0
2020-06-09,38.51,0.0,0.0,0,0,0.0,1.0
2020-06-10,38.51,0.0,0.0,0,0,0.0,1.0
2020-06-11,38.51,0.0,0.0,0,0,0.0,1.0
2020-06-12,38.51,0.0,0.0,0,0,0.0,1.0
2020-06-15,38.51,0.0,0.0,0,0,0.0,1.0
2020-06-16,38.51,0.0,0.0,0,0,0.0,1.0
2020-06-17,38.51,0.0,0.0,0,0,0.0,1.0
2020-06-18,38.51,0.0,0.0,0,0,0.0,1.0
2020-06-19,38.51,0.0,0.0,0,0,0.0,1.0
2020-06-22,38.51,0.0,0.0,0,0,0.0,1.0
2020-06-23,38.51,0.0,0.0,0,0,0.0,1.0
2020-06-24,38.51,0.0,0.0,0,0,0.0,1.0
2020-06-25,38.51,0.0,0.0,0,0,0.0,1.0
2020-06-26,38.51,0.0,0.0,0,0,0.0,1.0
2020-06-29,38.51,0.0,0.0,0,0,0.0,1.0
2020-06-30,38.51,0.0,0.0,0,0,0.0,1.0
2020-07-01,38.51,0.0,0.0,0,0,0.0,1.0
2020-07-02,38.51,0.0,0.0,0,0,0.0,1.0
2020-07-03,38.51,0.0,0.0,0,0,0.0,1.0
2020-07-06,38.51,0.0,0.0,0,0,0.0,1.0
2020-07-07,38.51,0.0,0.0,0,0,0.0,1.0
2020-07-08,38.51,0.0,0.0,0,0,0.0,1.0
2020-07-09,38.51,0.0,0.0,0,0,0.0,1.0
2020-07-10,38.51,0.0,0.0,0,0,0.0,1.0
2020-07-13,38.51,0.0,0.0,0,0,0.0,1.0
2020-07-14,38.51,0.0,0.0,0,0,0.0,1.0
2020-07-15,38.51,0.0,0.0,0,0,0.0,1.0
2020-07-16,38.535,0.0006489714031387983,0.0,0,0,0.0,1.0
2020-07-17,38.535,0.0,0.0,0,0,0.0,1.0
2020-07-20,38.535,0.0,0.0,0,0,0.0,1.0
2020-07-21,38.535,0.0,0.0,0,0,0.0,1.0
2020-07-22,38.535,0.0,0.0,0,0,0.0,1.0
2020-07-23,38.535,0.0,0.0,0,0,0.0,1.0
2020-07-24,38.535,0.0,0.0,0,0,0.0,1.0
2020-07-27,38.535,0.0,0.0,0,0,0.0,1.0
2020-07-28,38.535,0.0,0.0,0,0,0.0,1.0
2020-07-29,38.535,0.0,0.0,0,0,0.0,1.0
2020-07-30,38.445,-0.0023382707458123875,0.0,0,0,-0.0,1.0
2020-07-31,38.445,0.0,0.0,0,0,0.0,1.0
2020-08-03,38.445,0.0,0.0,0,0,0.0,1.0
2020-08-04,38.45,0.00013004746750899798,0.0,0,0,0.0,1.0
2020-08-05,38.45,0.0,0.0,0,0,0.0,1.0
2020-08-06,38.45,0.0,0.0,0,0,0.0,1.0
2020-08-07,38.45,0.0,0.0,0,0,0.0,1.0
2020-08-10,38.45,0.0,0.0,0,0,0.0,1.0
2020-08-11,38.45,0.0,0.0,0,0,0.0,1.0
2020-08-12,38.45,0.0,0.0,0,0,0.0,1.0
2020-08-13,38.45,0.0,0.0,0,0,0.0,1.0
2020-08-14,38.45,0.0,0.0,0,0,0.0,1.0
2020-08-17,38.45,0.0,0.0,0,0,0.0,1.0
2020-08-18,38.45,0.0,0.0,0,0,0.0,1.0
2020-08-19,38.45,0.0,0.0,0,0,0.0,1.0
2020-08-20,38.295,-0.004039356590096244,0.0,0,0,-0.0,1.0
2020-08-21,38.295,0.0,0.0,0,0,0.0,1.0
2020-08-24,38.295,0.0,0.0,0,0,0.0,1.0
2020-08-25,38.145,-0.0039246518193643,0.0,0,0,-0.0,1.0
2020-08-26,38.145,0.0,0.0,0,0,0.0,1.0
2020-08-27,38.145,0.0,0.0,0,0,0.0,1.0
2020-08-28,38.12,-0.000655608756191306,0.0,0,0,-0.0,1.0
2020-08-31,38.128,0.00020984157038528295,0.0,0,0,0.0,1.0
2020-09-01,38.128,0.0,0.0,0,0,0.0,1.0
2020-09-02,38.128,0.0,0.0,0,0,0.0,1.0
2020-09-03,38.128,0.0,0.0,0,0,0.0,1.0
2020-09-04,38.25,0.003194639916158426,0.0,0,0,0.0,1.0
2020-09-07,38.25,0.0,0.0,0,0,0.0,1.0
2020-09-08,38.27,0.0005227391650661772,0.0,0,0,0.0,1.0
2020-09-09,38.27,0.0,0.0,0,0,0.0,1.0
2020-09-10,38.275,0.00013064210613622507,0.0,0,0,0.0,1.0
2020-09-11,38.275,0.0,0.0,0,0,0.0,1.0
2020-09-14,38.275,0.0,0.0,0,0,0.0,1.0
2020-09-15,38.413,0.003599002424300668,0.0,0,0,0.0,1.0
2020-09-16,38.413,0.0,0.0,0,0,0.0,1.0
2020-09-17,38.413,0.0,0.0,0,0,0.0,1.0
2020-09-18,38.405,-0.0002082845174027348,0.0,0,0,-0.0,1.0
2020-09-21,38.405,0.0,0.0,0,0,0.0,1.0
2020-09-22,38.418,0.0003384403140747061,0.0,0,0,0.0,1.0
2020-09-23,38.418,0.0,0.0,0,0,0.0,1.0
2020-09-24,38.418,0.0,0.0,0,0,0.0,1.0
2020-09-25,38.418,0.0,0.0,0,0,0.0,1.0
2020-09-28,38.418,0.0,0.0,0,0,0.0,1.0
2020-09-29,38.418,0.0,0.0,0,0,0.0,1.0
2020-09-30,38.418,0.0,0.0,0,0,0.0,1.0
2020-10-01,38.393,-0.0006509484548509192,0.0,0,0,-0.0,1.0
2020-10-02,38.393,0.0,0.0,0,0,0.0,1.0
2020-10-05,38.393,0.0,0.0,0,0,0.0,1.0
2020-10-06,38.418,0.0006509484548509192,0.0,0,0,0.0,1.0
2020-10-07,38.418,0.0,0.0,0,0,0.0,1.0
2020-10-08,38.418,0.0,0.0,0,0,0.0,1.0
2020-10-09,38.418,0.0,0.0,0,0,0.0,1.0
2020-10-12,38.418,0.0,0.0,0,0,0.0,1.0
2020-10-13,38.418,0.0,0.0,0,0,0.0,1.0
2020-10-14,38.418,0.0,0.0,0,0,0.0,1.0
2020-10-15,38.355,-0.0016412023534604359,0.0,0,0,-0.0,1.0
2020-10-16,38.355,0.0,0.0,0,0,0.0,1.0
2020-10-19,38.355,0.0,0.0,0,0,0.0,1.0
2020-10-20,38.33,-0.0006520180187958857,0.0,0,0,-0.0,1.0
2020-10-21,38.33,0.0,0.0,0,0,0.0,1.0
2020-10-22,38.34,0.0002608582250349656,0.0,0,0,0.0,1.0
2020-10-23,38.34,0.0,0.0,0,0,0.0,1.0
2020-10-26,38.34,0.0,0.0,0,0,0.0,1.0
2020-10-27,38.34,0.0,0.0,0,0,0.0,1.0
2020-10-28,38.34,0.0,0.0,0,0,0.0,1.0
2020-10-29,38.34,0.0,0.0,0,0,0.0,1.0
2020-10-30,38.34,0.0,0.0,0,0,0.0,1.0
2020-11-02,38.34,0.0,0.0,0,0,0.0,1.0
2020-11-03,38.34,0.0,0.0,0,0,0.0,1.0
2020-11-04,38.343,7.824420018831546e-05,0.0,0,0,0.0,1.0
2020-11-05,38.343,0.0,0.0,0,0,0.0,1.0
2020-11-06,38.343,0.0,0.0,0,0,0.0,1.0
2020-11-09,38.343,0.0,0.0,0,0,0.0,1.0
2020-11-10,38.343,0.0,0.0,0,0,0.0,1.0
2020-11-11,38.343,0.0,0.0,0,0,0.0,1.0
2020-11-12,38.343,0.0,0.0,0,0,0.0,1.0
2020-11-13,38.343,0.0,0.0,0,0,0.0,1.0
2020-11-16,38.343,0.0,0.0,0,0,0.0,1.0
2020-11-17,38.343,0.0,0.0,0,0,0.0,1.0
2020-11-18,38.29,-0.0013832163284837051,0.0,0,0,-0.0,1.0
2020-11-19,38.33,0.001044113903260424,0.0,0,0,0.0,1.0
2020-11-20,38.343,0.00033910242522328105,0.0,0,0,0.0,1.0
2020-11-23,38.343,0.0,0.0,0,0,0.0,1.0
2020-11-24,38.33,-0.00033910242522328105,0.0,0,0,-0.0,1.0
2020-11-25,38.33,0.0,0.0,0,0,0.0,1.0
2020-11-26,38.33,0.0,0.0,0,0,0.0,1.0
2020-11-27,38.33,0.0,0.0,0,0,0.0,1.0
2020-11-30,38.33,0.0,0.0,0,0,0.0,1.0
2020-12-01,38.33,0.0,0.0,0,0,0.0,1.0
2020-12-02,38.33,0.0,0.0,0,0,0.0,1.0
2020-12-03,38.33,0.0,0.0,0,0,0.0,1.0
2020-12-04,38.165,-0.0043140141420301426,0.0,0,0,-0.0,1.0
2020-12-07,38.165,0.0,0.0,0,0,0.0,1.0
2020-12-08,38.165,0.0,0.0,0,0,0.0,1.0
2020-12-09,36.5,-0.044606604661987515,0.0,0,0,-0.0,1.0
2020-12-10,36.5,0.0,0.0,0,0,0.0,1.0
2020-12-11,36.5,0.0,0.0,0,0,0.0,1.0
2020-12-14,36.5,0.0,0.0,0,0,0.0,1.0
2020-12-15,36.5,0.0,0.0,0,0,0.0,1.0
2020-12-16,36.1,-0.01101939524961093,0.0,0,0,-0.0,1.0
2020-12-17,36.1,0.0,0.0,0,0,0.0,1.0
2020-12-18,36.16,0.0016606701851404893,0.0,0,0,0.0,1.0
2020-12-21,36.2,0.0011055833077500132,0.0,0,0,0.0,1.0
2020-12-22,36.175,-0.0006908463141779286,0.0,0,0,-0.0,1.0
2020-12-23,36.1,-0.002075407178712574,0.0,0,0,-0.0,1.0
2020-12-24,36.2,0.0027662534928905025,0.0,0,0,0.0,1.0
2020-12-25,36.2,0.0,0.0,0,0,0.0,1.0
2020-12-28,36.2,0.0,0.0,0,0,0.0,1.0
2020-12-29,36.2,0.0,0.0,0,0,0.0,1.0
2020-12-30,36.5,0.008253141756720428,0.0,0,0,0.0,1.0
2020-12-31,36.5,0.0,0.0,0,0,0.0,1.0
2021-01-01,36.5,0.0,0.0,0,0,0.0,1.0
2021-01-04,36.82,0.008728915216485778,0.0,0,0,0.0,1.0
2021-01-05,36.25,-0.015601794504247923,0.0,0,0,-0.0,1.0
2021-01-06,36.5,0.006872879287762146,0.0,0,0,0.0,1.0
2021-01-07,36.5,0.0,0.0,0,0,0.0,1.0
2021-01-08,36.5,0.0,0.0,0,0,0.0,1.0
2021-01-11,36.4,-0.002743485945750912,0.0,0,0,-0.0,1.0
2021-01-12,36.5,0.002743485945750912,0.0,0,0,0.0,1.0
2021-01-13,36.5,0.0,0.0,0,0,0.0,1.0
2021-01-14,36.5,0.0,0.0,0,0,0.0,1.0
2021-01-15,36.5,0.0,0.0,0,0,0.0,1.0
2021-01-18,36.5,0.0,0.0,0,0,0.0,1.0
2021-01-19,36.5,0.0,0.0,0,0,0.0,1.0
2021-01-20,36.5,0.0,0.0,0,0,0.0,1.0
2021-01-21,36.35,-0.00411805660891762,0.0,0,0,-0.0,1.0
2021-01-22,35.8,-0.015246310572873956,0.0,0,0,-0.0,1.0
2021-01-25,36.025,0.0062652484789311735,0.0,0,0,0.0,1.0
2021-01-26,36.05,0.0006937218453724192,0.0,0,0,0.0,1.0
2021-01-27,36.05,0.0,0.0,0,0,0.0,1.0
2021-01-28,36.4,0.00966191091173707,0.0,0,0,0.0,1.0
2021-01-29,36.05,-0.00966191091173707,0.0,0,0,-0.0,1.0
2021-02-01,36.055,0.00013868663776461787,0.0,0,0,0.0,1.0
2021-02-02,36.07,0.00041594454672511105,0.0,0,0,0.0,1.0
2021-02-03,36.05,-0.0005546311844897289,0.0,0,0,-0.0,1.0
2021-02-04,36.04,-0.00027743099082089273,0.0,0,0,-0.0,1.0
2021-02-05,36.065,0.00069343321549864,0.0,0,0,0.0,1.0
2021-02-08,36.05,-0.0004160022246777473,0.0,0,0,-0.0,1.0
2021-02-09,36.05,0.0,0.0,0,0,0.0,1.0
2021-02-10,36.07,0.0005546311844897289,0.0,0,0,0.0,1.0
2021-02-11,36.05,-0.0005546311844897289,0.0,0,0,-0.0,1.0
2021-02-12,36.06,0.0002773540442131406,0.0,0,0,0.0,1.0
2021-02-15,36.06,0.0,0.0,0,0,0.0,1.0
2021-02-16,36.025,-0.0009710758895855598,0.0,0,0,-0.0,1.0
2021-02-17,36.04,0.0004162908545515265,0.0,0,0,0.0,1.0
2021-02-18,36.015,-0.0006939143988109464,0.0,0,0,-0.0,1.0
2021-02-19,36.0,-0.00041657988521626166,0.0,0,0,-0.0,1.0
2021-02-22,36.0,0.0,0.0,0,0,0.0,1.0
2021-02-23,36.0,0.0,0.0,0,0,0.0,1.0
2021-02-24,36.02,0.0005554012917001749,0.0,0,0,0.0,1.0
2021-02-25,36.02,0.0,0.0,0,0,0.0,1.0
2021-02-26,36.02,0.0,0.0,0,0,0.0,1.0
2021-03-01,36.02,0.0,0.0,0,0,0.0,1.0
2021-03-02,36.01,-0.0002776620870261759,0.0,0,0,-0.0,1.0
2021-03-03,35.95,-0.0016675934937282477,0.0,0,0,-0.0,1.0
2021-03-04,35.92,-0.0008348407330567298,0.0,0,0,-0.0,1.0
2021-03-05,35.945,0.0006957490018359991,0.0,0,0,0.0,1.0
2021-03-08,35.99,0.0012511296551043216,0.0,0,0,0.0,1.0
2021-03-09,35.95,-0.001112037923883591,0.0,0,0,-0.0,1.0
2021-03-10,35.95,0.0,0.0,0,0,0.0,1.0
2021-03-11,35.96,0.0002781254363637409,0.0,0,0,0.0,1.0
2021-03-12,35.95,-0.0002781254363637409,0.0,0,0,-0.0,1.0
2021-03-15,35.95,0.0,0.0,0,0,0.0,1.0
2021-03-16,35.95,0.0,0.0,0,0,0.0,1.0
2021-03-17,35.95,0.0,0.0,0,0,0.0,1.0
2021-03-18,35.96,0.0002781254363637409,0.0,0,0,0.0,1.0
2021-03-19,35.95,-0.0002781254363637409,0.0,0,0,-0.0,1.0
2021-03-22,35.97,0.0005561735404766566,0.0,0,0,0.0,1.0
2021-03-23,35.97,0.0,0.0,0,0,0.0,1.0
2021-03-24,35.97,0.0,0.0,0,0,0.0,1.0
2021-03-25,35.97,0.0,0.0,0,0,0.0,1.0
2021-03-26,35.97,0.0,0.0,0,0,0.0,1.0
2021-03-29,35.98,0.000277970814854811,0.0,0,0,0.0,1.0
2021-03-30,35.98,0.0,0.0,0,0,0.0,1.0
2021-03-31,36.0,0.0005557099337227811,0.0,0,0,0.0,1.0
2021-04-01,36.0,0.0,0.0,0,0,0.0,1.0
2021-04-02,36.02,0.0005554012917001749,0.0,0,0,0.0,1.0
2021-04-05,36.02,0.0,0.0,0,0,0.0,1.0
2021-04-06,36.02,0.0,0.0,0,0,0.0,1.0
2021-04-07,36.022,5.552316705559335e-05,0.0,0,0,0.0,1.0
2021-04-08,36.022,0.0,0.0,0,0,0.0,1.0
2021-04-09,36.022,0.0,0.0,0,0,0.0,1.0
2021-04-12,36.0,-0.0006109244587557683,0.0,0,0,-0.0,1.0
2021-04-13,35.5,-0.013986241974739855,0.0,0,0,-0.0,1.0
2021-04-14,35.83,0.00925283483549233,0.0,0,0,0.0,1.0
2021-04-15,35.92,0.0025087121171365467,0.0,0,0,0.0,1.0
2021-04-16,35.92,0.0,0.0,0,0,0.0,1.0
2021-04-19,35.94,0.0005566379214139161,0.0,0,0,0.0,1.0
2021-04-20,35.98,0.0011123471669742813,0.0,0,0,0.0,1.0
2021-04-21,35.98,0.0,0.0,0,0,0.0,1.0
2021-04-22,35.97,-0.000277970814854811,0.0,0,0,-0.0,1.0
2021-04-23,35.965,-0.0001390143882127326,0.0,0,0,-0.0,1.0
2021-04-26,36.05,0.0023606204116384255,0.0,0,0,0.0,1.0
2021-04-27,36.03,-0.0005549389709562647,0.0,0,0,-0.0,1.0
2021-04-28,36.03,0.0,0.0,0,0,0.0,1.0
2021-04-29,36.03,0.0,0.0,0,0,0.0,1.0
2021-04-30,36.07,0.0011095701554459936,0.0,0,0,0.0,1.0
2021-05-03,36.04,-0.0008320621753106217,0.0,0,0,-0.0,1.0
2021-05-04,36.015,-0.0006939143988109464,0.0,0,0,-0.0,1.0
2021-05-05,36.035,0.0005551700350778788,0.0,0,0,0.0,1.0
2021-05-06,36.02,-0.0004163486285939655,0.0,0,0,-0.0,1.0
2021-05-07,35.98,-0.001111111225422956,0.0,0,0,-0.0,1.0
2021-05-10,35.98,0.0,0.0,0,0,0.0,1.0
2021-05-11,35.87,-0.0030619369781961225,0.0,0,0,-0.0,1.0
2021-05-12,35.85,-0.0005577244985617291,0.0,0,0,-0.0,1.0
2021-05-13,35.97,0.0033416906619030406,0.0,0,0,0.0,1.0
2021-05-14,35.96,-0.0002780481041129157,0.0,0,0,-0.0,1.0
2021-05-17,35.995,0.0009728303178468956,0.0,0,0,0.0,1.0
2021-05-18,35.98,-0.00041681139887916885,0.0,0,0,-0.0,1.0
2021-05-19,35.97,-0.000277970814854811,0.0,0,0,-0.0,1.0
2021-05-20,35.96,-0.0002780481041129157,0.0,0,0,-0.0,1.0
2021-05-21,36.5,0.014905050985026591,0.0,0,0,0.0,1.0
2021-05-24,36.5,0.0,0.0,0,0,0.0,1.0
2021-05-25,36.5,0.0,0.0,0,0,0.0,1.0
2021-05-26,36.07,-0.011850765672998254,0.0,0,0,-0.0,1.0
2021-05-27,36.5,0.011850765672998254,0.0,0,0,0.0,1.0
2021-05-28,36.1,-0.01101939524961093,0.0,0,0,-0.0,1.0
2021-05-31,36.5,0.01101939524961093,0.0,0,0,0.0,1.0
2021-06-01,36.15,-0.009635311983672512,0.0,0,0,-0.0,1.0
2021-06-02,36.165,0.00041485169647037523,0.0,0,0,0.0,1.0
2021-06-03,36.165,0.0,0.0,0,0,0.0,1.0
2021-06-04,36.1,-0.0017989349624087936,0.0,0,0,-0.0,1.0
2021-06-07,36.1,0.0,0.0,0,0,0.0,1.0
2021-06-08,36.15,0.0013840832659384184,0.0,0,0,0.0,1.0
2021-06-09,36.12,-0.0008302200559890949,0.0,0,0,-0.0,1.0
2021-06-10,36.12,0.0,0.0,0,0,0.0,1.0
2021-06-11,36.12,0.0,0.0,0,0,0.0,1.0
2021-06-14,36.095,-0.0006923769576601124,0.0,0,0,-0.0,1.0
2021-06-15,36.13,0.0009691935684248421,0.0,0,0,0.0,1.0
2021-06-16,36.13,0.0,0.0,0,0,0.0,1.0
2021-06-17,36.12,-0.00027681661076472963,0.0,0,0,-0.0,1.0
2021-06-18,36.12,0.0,0.0,0,0,0.0,1.0
2021-06-21,36.175,0.0015215439687632504,0.0,0,0,0.0,1.0
2021-06-22,36.1,-0.002075407178712574,0.0,0,0,-0.0,1.0
2021-06-23,36.15,0.0013840832659384184,0.0,0,0,0.0,1.0
2021-06-24,36.13,-0.0005534034452243652,0.0,0,0,-0.0,1.0
2021-06-25,36.15,0.0005534034452243652,0.0,0,0,0.0,1.0
2021-06-28,36.16,0.0002765869192020709,0.0,0,0,0.0,1.0
2021-06-29,36.16,0.0,0.0,0,0,0.0,1.0
2021-06-30,36.2,0.0011055833077500132,0.0,0,0,0.0,1.0
2021-07-01,36.15,-0.0013821702269520841,0.0,0,0,-0.0,1.0
2021-07-02,36.15,0.0,0.0,0,0,0.0,1.0
2021-07-05,36.15,0.0,0.0,0,0,0.0,1.0
2021-07-06,36.15,0.0,0.0,0,0,0.0,1.0
2021-07-07,36.15,0.0,0.0,0,0,0.0,1.0
2021-07-08,36.11,-0.0011071133154070267,0.0,0,0,-0.0,1.0
2021-07-09,36.11,0.0,0.0,0,0,0.0,1.0
2021-07-12,36.5,0.010742425299079539,0.0,0,0,0.0,1.0
2021-07-13,36.13,-0.010188715428896877,0.0,0,0,-0.0,1.0
2021-07-14,36.13,0.0,0.0,0,0,0.0,1.0
2021-07-15,36.13,0.0,0.0,0,0,0.0,1.0
2021-07-16,36.13,0.0,0.0,0,0,0.0,1.0
2021-07-19,36.13,0.0,0.0,0,0,0.0,1.0
2021-07-20,36.13,0.0,0.0,0,0,0.0,1.0
2021-07-21,36.13,0.0,0.0,0,0,0.0,1.0
2021-07-22,36.13,0.0,0.0,0,0,0.0,1.0
2021-07-23,36.13,0.0,0.0,0,0,0.0,1.0
2021-07-26,36.13,0.0,0.0,0,0,0.0,1.0
2021-07-27,36.13,0.0,0.0,0,0,0.0,1.0
2021-07-28,36.13,0.0,0.0,0,0,0.0,1.0
2021-07-29,36.13,0.0,0.0,0,0,0.0,1.0
2021-07-30,36.13,0.0,0.0,0,0,0.0,1.0
2021-08-02,36.13,0.0,0.0,0,0,0.0,1.0
2021-08-03,36.13,0.0,0.0,0,0,0.0,1.0
2021-08-04,36.13,0.0,0.0,0,0,0.0,1.0
2021-08-05,36.13,0.0,0.0,0,0,0.0,1.0
2021-08-06,36.13,0.0,0.0,0,0,0.0,1.0
2021-08-09,36.13,0.0,0.0,0,0,0.0,1.0
2021-08-10,36.13,0.0,0.0,0,0,0.0,1.0
2021-08-11,36.13,0.0,0.0,0,0,0.0,1.0
2021-08-12,36.13,0.0,0.0,0,0,0.0,1.0
2021-08-13,36.13,0.0,0.0,0,0,0.0,1.0
2021-08-16,36.13,0.0,0.0,0,0,0.0,1.0
2021-08-17,36.13,0.0,0.0,0,0,0.0,1.0
2021-08-18,36.13,0.0,0.0,0,0,0.0,1.0
2021-08-19,36.13,0.0,0.0,0,0,0.0,1.0
2021-08-20,36.13,0.0,0.0,0,0,0.0,1.0
2021-08-23,36.13,0.0,0.0,0,0,0.0,1.0
2021-08-24,36.13,0.0,0.0,0,0,0.0,1.0
2021-08-25,36.13,0.0,0.0,0,0,0.0,1.0
2021-08-26,36.13,0.0,0.0,0,0,0.0,1.0
2021-08-27,36.13,0.0,0.0,0,0,0.0,1.0
2021-08-30,36.13,0.0,0.0,0,0,0.0,1.0
2021-08-31,36.13,0.0,0.0,0,0,0.0,1.0
2021-09-01,36.13,0.0,0.0,0,0,0.0,1.0
2021-09-02,36.13,0.0,0.0,0,0,0.0,1.0
2021-09-03,36.26,0.0035916601671557302,0.0,0,0,0.0,1.0
2021-09-06,36.26,0.0,0.0,0,0,0.0,1.0
2021-09-07,36.26,0.0,0.0,0,0,0.0,1.0
2021-09-08,36.27,0.0002757479681063657,0.0,0,0,0.0,1.0
2021-09-09,36.33,0.0016528929382992885,0.0,0,0,0.0,1.0
2021-09-10,36.33,0.0,0.0,0,0,0.0,1.0
2021-09-13,36.24,-0.0024803650583318237,0.0,0,0,-0.0,1.0
2021-09-14,36.34,0.002755581793246531,0.0,0,0,0.0,1.0
2021-09-15,36.34,0.0,0.0,0,0,0.0,1.0
2021-09-16,36.34,0.0,0.0,0,0,0.0,1.0
2021-09-17,36.33,-0.0002752167349147072,0.0,0,0,-0.0,1.0
2021-09-20,36.34,0.0002752167349147072,0.0,0,0,0.0,1.0
2021-09-21,36.34,0.0,0.0,0,0,0.0,1.0
2021-09-22,35.97,-0.01023380526049289,0.0,0,0,-0.0,1.0
2021-09-23,35.97,0.0,0.0,0,0,0.0,1.0
2021-09-24,35.97,0.0,0.0,0,0,0.0,1.0
2021-09-27,36.18,0.005821222259616565,0.0,0,0,0.0,1.0
2021-09-28,36.18,0.0,0.0,0,0,0.0,1.0
2021-09-29,36.21,0.0008288438104009366,0.0,0,0,0.0,1.0
2021-09-30,36.21,0.0,0.0,0,0,0.0,1.0
2021-10-01,36.21,0.0,0.0,0,0,0.0,1.0
2021-10-04,36.21,0.0,0.0,0,0,0.0,1.0
2021-10-05,36.21,0.0,0.0,0,0,0.0,1.0
2021-10-06,36.21,0.0,0.0,0,0,0.0,1.0
2021-10-07,36.21,0.0,0.0,0,0,0.0,1.0
2021-10-08,36.15,-0.0016583751727763385,0.0,0,0,-0.0,1.0
2021-10-11,36.21,0.0016583751727763385,0.0,0,0,0.0,1.0
2021-10-12,36.21,0.0,0.0,0,0,0.0,1.0
2021-10-13,36.21,0.0,0.0,0,0,0.0,1.0
2021-10-14,36.29,0.002206897447428968,0.0,0,0,0.0,1.0
2021-10-15,36.21,-0.002206897447428968,0.0,0,0,-0.0,1.0
2021-10-18,36.275,0.0017934749927017712,0.0,0,0,0.0,1.0
2021-10-19,36.21,-0.0017934749927017712,0.0,0,0,-0.0,1.0
2021-10-20,36.275,0.0017934749927017712,0.0,0,0,0.0,1.0
2021-10-21,36.21,-0.0017934749927017712,0.0,0,0,-0.0,1.0
2021-10-22,36.21,0.0,0.0,0,0,0.0,1.0
2021-10-25,36.21,0.0,0.0,0,0,0.0,1.0
2021-10-26,36.21,0.0,0.0,0,0,0.0,1.0
2021-10-27,35.98,-0.006372095255162691,0.0,0,0,-0.0,1.0
2021-10-28,36.18,0.005543251444761754,0.0,0,0,0.0,1.0
2021-10-29,36.18,0.0,0.0,0,0,0.0,1.0
2021-11-01,36.18,0.0,0.0,0,0,0.0,1.0
2021-11-02,36.18,0.0,0.0,0,0,0.0,1.0
2021-11-03,35.98,-0.005543251444761754,0.0,0,0,-0.0,1.0
2021-11-04,36.18,0.005543251444761754,0.0,0,0,0.0,1.0
2021-11-05,36.18,0.0,0.0,0,0,0.0,1.0
2021-11-08,36.18,0.0,0.0,0,0,0.0,1.0
2021-11-09,36.18,0.0,0.0,0,0,0.0,1.0
2021-11-10,36.18,0.0,0.0,0,0,0.0,1.0
2021-11-11,36.19,0.00027635760850230895,0.0,0,0,0.0,1.0
2021-11-12,36.22,0.0008286148796159409,0.0,0,0,0.0,1.0
2021-11-15,36.22,0.0,0.0,0,0,0.0,1.0
2021-11-16,36.24,0.0005520287195115436,0.0,0,0,0.0,1.0
2021-11-17,36.24,0.0,0.0,0,0,0.0,1.0
2021-11-18,36.24,0.0,0.0,0,0,0.0,1.0
2021-11-19,36.24,0.0,0.0,0,0,0.0,1.0
2021-11-22,36.25,0.00027590012590517077,0.0,0,0,0.0,1.0
2021-11-23,36.25,0.0,0.0,0,0,0.0,1.0
2021-11-24,36.26,0.00027582402602099876,0.0,0,0,0.0,1.0
2021-11-25,36.26,0.0,0.0,0,0,0.0,1.0
2021-11-26,36.275,0.00041359344354674477,0.0,0,0,0.0,1.0
2021-11-29,36.26,-0.00041359344354674477,0.0,0,0,-0.0,1.0
2021-11-30,36.26,0.0,0.0,0,0,0.0,1.0
2021-12-01,36.26,0.0,0.0,0,0,0.0,1.0
2021-12-02,36.26,0.0,0.0,0,0,0.0,1.0
2021-12-03,36.26,0.0,0.0,0,0,0.0,1.0
2021-12-06,36.25,-0.00027582402602099876,0.0,0,0,-0.0,1.0
2021-12-07,36.28,0.0008272439462522208,0.0,0,0,0.0,1.0
2021-12-08,36.28,0.0,0.0,0,0,0.0,1.0
2021-12-09,36.275,-0.00013782647668447723,0.0,0,0,-0.0,1.0
2021-12-10,36.31,0.0009643866559927439,0.0,0,0,0.0,1.0
2021-12-13,36.31,0.0,0.0,0,0,0.0,1.0
2021-12-14,36.31,0.0,0.0,0,0,0.0,1.0
2021-12-15,36.31,0.0,0.0,0,0,0.0,1.0
2021-12-16,36.31,0.0,0.0,0,0,0.0,1.0
2021-12-17,36.4,0.0024755892164507465,0.0,0,0,0.0,1.0
2021-12-20,36.31,-0.0024755892164507465,0.0,0,0,-0.0,1.0
2021-12-21,36.31,0.0,0.0,0,0,0.0,1.0
2021-12-22,36.31,0.0,0.0,0,0,0.0,1.0
2021-12-23,36.31,0.0,0.0,0,0,0.0,1.0
2021-12-24,36.45,0.003848273028423055,0.0,0,0,0.0,1.0
2021-12-27,36.31,-0.003848273028423055,0.0,0,0,-0.0,1.0
2021-12-28,36.41,0.0027502767610978474,0.0,0,0,0.0,1.0
2021-12-29,36.31,-0.0027502767610978474,0.0,0,0,-0.0,1.0
2021-12-30,36.31,0.0,0.0,0,0,0.0,1.0
2021-12-31,36.31,0.0,0.0,0,0,0.0,1.0
2022-01-03,36.31,0.0,0.0,0,0,0.0,1.0
2022-01-04,36.36,0.0013760838830338962,0.0,0,0,0.0,1.0
2022-01-05,36.31,-0.0013760838830338962,0.0,0,0,-0.0,1.0
2022-01-06,36.31,0.0,0.0,0,0,0.0,1.0
2022-01-07,36.31,0.0,0.0,0,0,0.0,1.0
2022-01-10,36.31,0.0,0.0,0,0,0.0,1.0
2022-01-11,36.31,0.0,0.0,0,0,0.0,1.0
2022-01-12,36.31,0.0,0.0,0,0,0.0,1.0
2022-01-13,36.31,0.0,0.0,0,0,0.0,1.0
2022-01-14,36.31,0.0,0.0,0,0,0.0,1.0
2022-01-17,36.31,0.0,0.0,0,0,0.0,1.0
2022-01-18,36.31,0.0,0.0,0,0,0.0,1.0
2022-01-19,36.31,0.0,0.0,0,0,0.0,1.0
2022-01-20,36.31,0.0,0.0,0,0,0.0,1.0
2022-01-21,36.4,0.0024755892164507465,0.0,0,0,0.0,1.0
2022-01-24,36.31,-0.0024755892164507465,0.0,0,0,-0.0,1.0
2022-01-25,36.31,0.0,0.0,0,0,0.0,1.0
2022-01-26,36.31,0.0,0.0,0,0,0.0,1.0
2022-01-27,36.32,0.0002753683068483781,0.0,0,0,0.0,1.0
2022-01-28,36.32,0.0,0.0,0,0,0.0,1.0
2022-01-31,36.32,0.0,0.0,0,0,0.0,1.0
2022-02-01,36.32,0.0,0.0,0,0,0.0,1.0
2022-02-02,36.33,0.0002752925000177875,0.0,0,0,0.0,1.0
2022-02-03,36.4,0.0019249284095845809,0.0,0,0,0.0,1.0
2022-02-04,36.33,-0.0019249284095845809,0.0,0,0,-0.0,1.0
2022-02-07,36.33,0.0,0.0,0,0,0.0,1.0
2022-02-08,36.4,0.0019249284095845809,0.0,0,0,0.0,1.0
2022-02-09,36.33,-0.0019249284095845809,0.0,0,0,-0.0,1.0
2022-02-10,36.33,0.0,0.0,0,0,0.0,1.0
2022-02-11,36.33,0.0,0.0,0,0,0.0,1.0
2022-02-14,36.33,0.0,0.0,0,0,0.0,1.0
2022-02-15,36.34,0.0002752167349147072,0.0,0,0,0.0,1.0
2022-02-16,36.35,0.00027514101150316606,0.0,0,0,0.0,1.0
2022-02-17,36.37,0.0005500550193691112,0.0,0,0,0.0,1.0
2022-02-18,36.0,-0.010225320542787575,0.0,0,0,-0.0,1.0
2022-02-21,36.0,0.0,0.0,0,0,0.0,1.0
2022-02-22,36.36,0.009950330853168321,0.0,0,0,0.0,1.0
2022-02-23,36.36,0.0,0.0,0,0,0.0,1.0
2022-02-24,36.37,0.00027498968961925385,0.0,0,0,0.0,1.0
2022-02-25,36.39,0.000549752625170985,0.0,0,0,0.0,1.0
2022-02-28,36.39,0.0,0.0,0,0,0.0,1.0
2022-03-01,36.4,0.00027476301862661145,0.0,0,0,0.0,1.0
2022-03-02,36.39,-0.00027476301862661145,0.0,0,0,-0.0,1.0
2022-03-03,36.39,0.0,0.0,0,0,0.0,1.0
2022-03-04,36.39,0.0,0.0,0,0,0.0,1.0
2022-03-07,36.375,-0.0004122861324118432,0.0,0,0,-0.0,1.0
2022-03-08,36.39,0.0004122861324118432,0.0,0,0,0.0,1.0
2022-03-09,36.4,0.00027476301862661145,0.0,0,0,0.0,1.0
2022-03-10,36.39,-0.00027476301862661145,0.0,0,0,-0.0,1.0
2022-03-11,36.39,0.0,0.0,0,0,0.0,1.0
2022-03-14,36.39,0.0,0.0,0,0,0.0,1.0
2022-03-15,36.39,0.0,0.0,0,0,0.0,1.0
2022-03-16,36.39,0.0,0.0,0,0,0.0,1.0
2022-03-17,36.39,0.0,0.0,0,0,0.0,1.0
2022-03-18,36.39,0.0,0.0,0,0,0.0,1.0
2022-03-21,36.39,0.0,0.0,0,0,0.0,1.0
2022-03-22,36.39,0.0,0.0,0,0,0.0,1.0
2022-03-23,36.39,0.0,0.0,0,0,0.0,1.0
2022-03-24,36.39,0.0,0.0,0,0,0.0,1.0
2022-03-25,36.39,0.0,0.0,0,0,0.0,1.0
2022-03-28,36.39,0.0,0.0,0,0,0.0,1.0
2022-03-29,36.39,0.0,0.0,0,0,0.0,1.0
2022-03-30,36.39,0.0,0.0,0,0,0.0,1.0
2022-03-31,36.39,0.0,0.0,0,0,0.0,1.0
2022-04-01,36.39,0.0,0.0,0,0,0.0,1.0
2022-04-04,36.39,0.0,0.0,0,0,0.0,1.0
2022-04-05,36.39,0.0,0.0,0,0,0.0,1.0
2022-04-06,36.39,0.0,0.0,0,0,0.0,1.0
2022-04-07,36.4,0.00027476301862661145,0.0,0,0,0.0,1.0
2022-04-08,36.39,-0.00027476301862661145,0.0,0,0,-0.0,1.0
2022-04-11,36.39,0.0,0.0,0,0,0.0,1.0
2022-04-12,36.42,0.0008240626753934777,0.0,0,0,0.0,1.0
2022-04-13,36.42,0.0,0.0,0,0,0.0,1.0
2022-04-14,36.42,0.0,0.0,0,0,0.0,1.0
2022-04-15,36.42,0.0,0.0,0,0,0.0,1.0
2022-04-18,36.42,0.0,0.0,0,0,0.0,1.0
2022-04-19,36.375,-0.0012363488078053209,0.0,0,0,-0.0,1.0
2022-04-20,36.44,0.0017853469001010147,0.0,0,0,0.0,1.0
2022-04-21,36.44,0.0,0.0,0,0,0.0,1.0
2022-04-22,36.44,0.0,0.0,0,0,0.0,1.0
2022-04-25,36.44,0.0,0.0,0,0,0.0,1.0
2022-04-26,36.45,0.0002743860629097483,0.0,0,0,0.0,1.0
2022-04-27,36.45,0.0,0.0,0,0,0.0,1.0
2022-04-28,36.45,0.0,0.0,0,0,0.0,1.0
2022-04-29,36.45,0.0,0.0,0,0,0.0,1.0
2022-05-02,36.45,0.0,0.0,0,0,0.0,1.0
2022-05-03,36.45,0.0,0.0,0,0,0.0,1.0
2022-05-04,36.45,0.0,0.0,0,0,0.0,1.0
2022-05-05,36.45,0.0,0.0,0,0,0.0,1.0
2022-05-06,36.46,0.00027431079584960827,0.0,0,0,0.0,1.0
2022-05-09,36.46,0.0,0.0,0,0,0.0,1.0
2022-05-10,36.46,0.0,0.0,0,0,0.0,1.0
2022-05-11,36.47,0.00027423557007200117,0.0,0,0,0.0,1.0
2022-05-12,36.47,0.0,0.0,0,0,0.0,1.0
2022-05-13,36.47,0.0,0.0,0,0,0.0,1.0
2022-05-16,36.47,0.0,0.0,0,0,0.0,1.0
2022-05-17,36.46,-0.00027423557007200117,0.0,0,0,-0.0,1.0
2022-05-18,36.47,0.00027423557007200117,0.0,0,0,0.0,1.0
2022-05-19,36.49,0.0005482456277672298,0.0,0,0,0.0,1.0
2022-05-20,36.48,-0.00027408524222582997,0.0,0,0,-0.0,1.0
2022-05-23,36.49,0.00027408524222582997,0.0,0,0,0.0,1.0
2022-05-24,36.49,0.0,0.0,0,0,0.0,1.0
2022-05-25,36.49,0.0,0.0,0,0,0.0,1.0
2022-05-26,36.49,0.0,0.0,0,0,0.0,1.0
2022-05-27,36.48,-0.00027408524222582997,0.0,0,0,-0.0,1.0
2022-05-30,36.48,0.0,0.0,0,0,0.0,1.0
2022-05-31,36.48,0.0,0.0,0,0,0.0,1.0
2022-06-01,36.43,-0.0013715541856580415,0.0,0,0,-0.0,1.0
2022-06-02,36.47,0.0010973938001166417,0.0,0,0,0.0,1.0
2022-06-03,36.52,0.0013700509061789212,0.0,0,0,0.0,1.0
2022-06-06,36.52,0.0,0.0,0,0,0.0,1.0
2022-06-07,36.52,0.0,0.0,0,0,0.0,1.0
2022-06-08,36.25,-0.007420674426084073,0.0,0,0,-0.0,1.0
2022-06-09,36.42,0.0046786929987781,0.0,0,0,0.0,1.0
2022-06-10,36.55,0.0035631118963252995,0.0,0,0,0.0,1.0
2022-06-13,36.55,0.0,0.0,0,0,0.0,1.0
2022-06-14,36.45,-0.0027397277411198573,0.0,0,0,-0.0,1.0
2022-06-15,36.48,0.0008227067514630093,0.0,0,0,0.0,1.0
2022-06-16,36.35,-0.0035699612266020253,0.0,0,0,-0.0,1.0
2022-06-17,36.46,0.0030215652709886243,0.0,0,0,0.0,1.0
2022-06-20,36.39,-0.001921757626448528,0.0,0,0,-0.0,1.0
2022-06-21,36.25,-0.0038546303233846224,0.0,0,0,-0.0,1.0
2022-06-22,36.29,0.0011028399242949405,0.0,0,0,0.0,1.0
2022-06-23,36.26,-0.0008270158982739417,0.0,0,0,-0.0,1.0
2022-06-24,36.6,0.00933303508061556,0.0,0,0,0.0,1.0
2022-06-27,36.52,-0.002188184680552485,0.0,0,0,-0.0,1.0
2022-06-28,36.31,-0.0057668703005235855,0.0,0,0,-0.0,1.0
2022-06-29,36.35,0.0011010185532840389,0.0,0,0,0.0,1.0
2022-06-30,36.47,0.0032958008410606254,0.0,0,0,0.0,1.0
2022-07-01,36.43,-0.0010973938001166417,0.0,0,0,-0.0,1.0
2022-07-04,36.43,0.0,0.0,0,0,0.0,1.0
2022-07-05,36.51,0.002193584647073088,0.0,0,0,0.0,1.0
2022-07-06,36.53,0.0005476451396457804,0.0,0,0,0.0,1.0
2022-07-07,36.73,0.005460019024384533,0.0,0,0,0.0,1.0
2022-07-08,36.9,0.00461769121490585,0.0,0,0,0.0,1.0
2022-07-11,36.9,0.0,0.0,0,0,0.0,1.0
2022-07-12,36.9,0.0,0.0,0,0,0.0,1.0
2022-07-13,37.14,0.00648300487807818,0.0,0,0,0.0,1.0
2022-07-14,37.15,0.0002692152392085312,0.0,0,0,0.0,1.0
2022-07-15,37.15,0.0,0.0,0,0,0.0,1.0
2022-07-18,37.15,0.0,0.0,0,0,0.0,1.0
2022-07-19,37.15,0.0,0.0,0,0,0.0,1.0
2022-07-20,37.14,-0.0002692152392085312,0.0,0,0,-0.0,1.0
2022-07-21,37.1,-0.0010775863111702755,0.0,0,0,-0.0,1.0
2022-07-22,37.27,0.004571743877777479,0.0,0,0,0.0,1.0
2022-07-25,37.27,0.0,0.0,0,0,0.0,1.0
2022-07-26,37.27,0.0,0.0,0,0,0.0,1.0
2022-07-27,37.58,0.00828328049415239,0.0,0,0,0.0,1.0
2022-07-28,37.53,-0.0013313808383896841,0.0,0,0,-0.0,1.0
2022-07-29,37.67,0.003723408557020136,0.0,0,0,0.0,1.0
2022-08-01,37.66,-0.00026549847494372614,0.0,0,0,-0.0,1.0
2022-08-02,37.68,0.0005309264791559798,0.0,0,0,0.0,1.0
2022-08-03,37.65,-0.0007964954622594611,0.0,0,0,-0.0,1.0
2022-08-04,37.7,0.0013271402080623496,0.0,0,0,0.0,1.0
2022-08-05,37.75,0.0013253812410685128,0.0,0,0,0.0,1.0
2022-08-08,37.75,0.0,0.0,0,0,0.0,1.0
2022-08-09,37.71,-0.001060164424767862,0.0,0,0,-0.0,1.0
2022-08-10,37.71,0.0,0.0,0,0,0.0,1.0
2022-08-11,37.68,-0.0007958615621035392,0.0,0,0,-0.0,1.0
2022-08-12,37.57,-0.0029235901222843808,0.0,0,0,-0.0,1.0
2022-08-15,37.66,0.002392663643128401,0.0,0,0,0.0,1.0
2022-08-16,37.66,0.0,0.0,0,0,0.0,1.0
2022-08-17,37.66,0.0,0.0,0,0,0.0,1.0
2022-08-18,37.7,0.0010615712249588682,0.0,0,0,0.0,1.0
2022-08-19,37.65,-0.0013271402080623496,0.0,0,0,-0.0,1.0
2022-08-22,37.64,-0.0002656395287239377,0.0,0,0,-0.0,1.0
2022-08-23,37.67,0.0007967069867711452,0.0,0,0,0.0,1.0
2022-08-24,37.68,0.00026542800421225365,0.0,0,0,0.0,1.0
2022-08-25,37.65,-0.0007964954622594611,0.0,0,0,-0.0,1.0
2022-08-26,37.75,0.0026525214491308624,0.0,0,0,0.0,1.0
2022-08-29,37.68,-0.0018560259868714013,0.0,0,0,-0.0,1.0
2022-08-30,37.68,0.0,0.0,0,0,0.0,1.0
2022-08-31,37.7,0.0005306447458028885,0.0,0,0,0.0,1.0
2022-09-01,37.66,-0.0010615712249588682,0.0,0,0,-0.0,1.0
2022-09-02,37.7,0.0010615712249588682,0.0,0,0,0.0,1.0
2022-09-05,37.7,0.0,0.0,0,0,0.0,1.0
2022-09-06,37.76,0.0015902468233348621,0.0,0,0,0.0,1.0
2022-09-07,37.81,0.0013232766255417694,0.0,0,0,0.0,1.0
2022-09-08,37.65,-0.004240663656938981,0.0,0,0,-0.0,1.0
2022-09-09,37.8,0.003976148379639444,0.0,0,0,0.0,1.0
2022-09-12,37.8,0.0,0.0,0,0,0.0,1.0
2022-09-13,37.75,-0.0013236269305085813,0.0,0,0,-0.0,1.0
2022-09-14,37.8,0.0013236269305085813,0.0,0,0,0.0,1.0
2022-09-15,37.775,-0.0006615944667389684,0.0,0,0,-0.0,1.0
2022-09-16,37.82,0.0011905550715085589,0.0,0,0,0.0,1.0
2022-09-19,37.86,0.0010570825508651183,0.0,0,0,0.0,1.0
2022-09-20,37.84,-0.0005284015974993395,0.0,0,0,-0.0,1.0
2022-09-21,37.8,-0.0010576415581353693,0.0,0,0,-0.0,1.0
2022-09-22,37.86,0.0015860431556347088,0.0,0,0,0.0,1.0
2022-09-23,37.92,0.001583531605644506,0.0,0,0,0.0,1.0
2022-09-26,37.918,-5.274400697485859e-05,0.0,0,0,-0.0,1.0
2022-09-27,37.89,-0.0007387083493370916,0.0,0,0,-0.0,1.0
2022-09-28,37.88,-0.0002639567126316855,0.0,0,0,-0.0,1.0
2022-09-29,37.89,0.0002639567126316855,0.0,0,0,0.0,1.0
2022-09-30,37.88,-0.0002639567126316855,0.0,0,0,-0.0,1.0
2022-10-03,37.88,0.0,0.0,0,0,0.0,1.0
2022-10-04,37.95,0.001846235523761397,0.0,0,0,0.0,1.0
2022-10-05,37.81,-0.0036958859387974385,0.0,0,0,-0.0,1.0
2022-10-06,37.98,0.0044860874812981955,0.0,0,0,0.0,1.0
2022-10-07,37.88,-0.002636437066262154,0.0,0,0,-0.0,1.0
2022-10-10,37.88,0.0,0.0,0,0,0.0,1.0
2022-10-11,37.89,0.0002639567126316855,0.0,0,0,0.0,1.0
2022-10-12,37.92,0.0007914523563119502,0.0,0,0,0.0,1.0
2022-10-13,38.01,0.0023706056143359966,0.0,0,0,0.0,1.0
2022-10-14,37.92,-0.0023706056143359966,0.0,0,0,-0.0,1.0
2022-10-17,37.92,0.0,0.0,0,0,0.0,1.0
2022-10-18,37.93,0.00026367831398621533,0.0,0,0,0.0,1.0
2022-10-19,37.94,0.0002636088060605779,0.0,0,0,0.0,1.0
2022-10-20,37.97,0.0007904097368429674,0.0,0,0,0.0,1.0
2022-10-21,37.97,0.0,0.0,0,0,0.0,1.0
2022-10-24,37.94,-0.0007904097368429674,0.0,0,0,-0.0,1.0
2022-10-25,37.96,0.0005270092348590438,0.0,0,0,0.0,1.0
2022-10-26,37.96,0.0,0.0,0,0,0.0,1.0
2022-10-27,37.96,0.0,0.0,0,0,0.0,1.0
2022-10-28,37.96,0.0,0.0,0,0,0.0,1.0
2022-10-31,37.96,0.0,0.0,0,0,0.0,1.0
2022-11-01,37.97,0.0002634005019839236,0.0,0,0,0.0,1.0
2022-11-02,38.015,0.0011844444366890805,0.0,0,0,0.0,1.0
2022-11-03,37.97,-0.0011844444366890805,0.0,0,0,-0.0,1.0
2022-11-04,37.97,0.0,0.0,0,0,0.0,1.0
2022-11-07,37.97,0.0,0.0,0,0,0.0,1.0
2022-11-08,37.97,0.0,0.0,0,0,0.0,1.0
2022-11-09,37.97,0.0,0.0,0,0,0.0,1.0
2022-11-10,37.99,0.0005265929558233573,0.0,0,0,0.0,1.0
2022-11-11,37.98,-0.0002632618153945998,0.0,0,0,-0.0,1.0
2022-11-14,37.98,0.0,0.0,0,0,0.0,1.0
2022-11-15,37.89,-0.0023724803536304684,0.0,0,0,-0.0,1.0
2022-11-16,38.03,0.003688096909658878,0.0,0,0,0.0,1.0
2022-11-17,38.03,0.0,0.0,0,0,0.0,1.0
2022-11-18,38.03,0.0,0.0,0,0,0.0,1.0
2022-11-21,38.03,0.0,0.0,0,0,0.0,1.0
2022-11-22,38.03,0.0,0.0,0,0,0.0,1.0
2022-11-23,38.03,0.0,0.0,0,0,0.0,1.0
2022-11-24,38.03,0.0,0.0,0,0,0.0,1.0
2022-11-25,38.02,-0.00026298487988496433,0.0,0,0,-0.0,1.0
2022-11-28,38.02,0.0,0.0,0,0,0.0,1.0
2022-11-29,38.02,0.0,0.0,0,0,0.0,1.0
2022-11-30,38.02,0.0,0.0,0,0,0.0,1.0
2022-12-01,38.0,-0.0005261773338975928,0.0,0,0,-0.0,1.0
2022-12-02,38.01,0.0002631232747716261,0.0,0,0,0.0,1.0
2022-12-05,37.89,-0.003162057970647947,0.0,0,0,-0.0,1.0
2022-12-06,37.89,0.0,0.0,0,0,0.0,1.0
2022-12-07,37.96,0.0018457487112177873,0.0,0,0,0.0,1.0
2022-12-08,37.88,-0.002109705423849473,0.0,0,0,-0.0,1.0
2022-12-09,37.83,-0.0013208296729398938,0.0,0,0,-0.0,1.0
2022-12-12,37.83,0.0,0.0,0,0,0.0,1.0
2022-12-13,37.68,-0.003972988936775668,0.0,0,0,-0.0,1.0
2022-12-14,37.56,-0.0031897953680997126,0.0,0,0,-0.0,1.0
2022-12-15,37.57,0.0002662052458153319,0.0,0,0,0.0,1.0
2022-12-16,37.59,0.0005321979902088714,0.0,0,0,0.0,1.0
2022-12-19,37.59,0.0,0.0,0,0,0.0,1.0
2022-12-20,37.59,0.0,0.0,0,0,0.0,1.0
2022-12-21,37.38,-0.005602255548669888,0.0,0,0,-0.0,1.0
2022-12-22,37.23,-0.004020914142791376,0.0,0,0,-0.0,1.0
2022-12-23,37.01,-0.005926741486560694,0.0,0,0,-0.0,1.0
2022-12-26,37.02,0.0002701607472870293,0.0,0,0,0.0,1.0
2022-12-27,36.99,-0.0008107013009888142,0.0,0,0,-0.0,1.0
2022-12-28,36.9,-0.0024360547978812264,0.0,0,0,-0.0,1.0
2022-12-29,36.86,-0.001084598804804493,0.0,0,0,-0.0,1.0
2022-12-30,36.85,-0.00027133360633158077,0.0,0,0,-0.0,1.0
2023-01-02,36.73,-0.0032617588037697764,0.0,0,0,-0.0,1.0
2023-01-03,36.76,0.0008164376559105513,0.0,0,0,0.0,1.0
2023-01-04,36.55,-0.005729111291699063,0.0,0,0,-0.0,1.0
2023-01-05,36.5,-0.0013689256073412537,0.0,0,0,-0.0,1.0
2023-01-06,36.39,-0.0030182489643775234,0.0,0,0,-0.0,1.0
2023-01-09,36.39,0.0,0.0,0,0,0.0,1.0
2023-01-10,36.39,0.0,0.0,0,0,0.0,1.0
2023-01-11,36.39,0.0,0.0,0,0,0.0,1.0
2023-01-12,36.39,0.0,0.0,0,0,0.0,1.0
2023-01-13,36.38,-0.00027483853409204784,0.0,0,0,-0.0,1.0
2023-01-16,36.38,0.0,0.0,0,0,0.0,1.0
2023-01-17,36.38,0.0,0.0,0,0,0.0,1.0
2023-01-18,36.39,0.00027483853409204784,0.0,0,0,0.0,1.0
2023-01-19,36.39,0.0,0.0,0,0,0.0,1.0
2023-01-20,36.39,0.0,0.0,0,0,0.0,1.0
2023-01-23,36.39,0.0,0.0,0,0,0.0,1.0
2023-01-24,36.38,-0.00027483853409204784,0.0,0,0,-0.0,1.0
2023-01-25,36.37,-0.00027491409107893716,0.0,0,0,-0.0,1.0
2023-01-26,36.37,0.0,0.0,0,0,0.0,1.0
2023-01-27,36.13,-0.006620713839348369,0.0,0,0,-0.0,1.0
2023-01-30,36.33,0.0055203010735613844,0.0,0,0,0.0,1.0
2023-01-31,36.36,0.0008254230761677306,0.0,0,0,0.0,1.0
2023-02-01,36.37,0.00027498968961925385,0.0,0,0,0.0,1.0
2023-02-02,36.375,0.0001374664927591418,0.0,0,0,0.0,1.0
2023-02-03,36.33,-0.0012378792585461262,0.0,0,0,-0.0,1.0
2023-02-06,36.36,0.0008254230761677306,0.0,0,0,0.0,1.0
2023-02-07,36.37,0.00027498968961925385,0.0,0,0,0.0,1.0
2023-02-08,36.33,-0.0011004127657869844,0.0,0,0,-0.0,1.0
2023-02-09,36.3,-0.0008261049623055072,0.0,0,0,-0.0,1.0
2023-02-10,36.33,0.0008261049623055072,0.0,0,0,0.0,1.0
2023-02-13,36.36,0.0008254230761677306,0.0,0,0,0.0,1.0
2023-02-14,36.36,0.0,0.0,0,0,0.0,1.0
2023-02-15,36.33,-0.0008254230761677306,0.0,0,0,-0.0,1.0
2023-02-16,36.35,0.0005503577464178733,0.0,0,0,0.0,1.0
2023-02-17,36.33,-0.0005503577464178733,0.0,0,0,-0.0,1.0
2023-02-20,36.3,-0.0008261049623055072,0.0,0,0,-0.0,1.0
2023-02-21,36.33,0.0008261049623055072,0.0,0,0,0.0,1.0
2023-02-22,36.36,0.0008254230761677306,0.0,0,0,0.0,1.0
2023-02-23,36.35,-0.0002750653297498573,0.0,0,0,-0.0,1.0
2023-02-24,36.33,-0.0005503577464178733,0.0,0,0,-0.0,1.0
2023-02-27,36.36,0.0008254230761677306,0.0,0,0,0.0,1.0
2023-02-28,36.33,-0.0008254230761677306,0.0,0,0,-0.0,1.0
2023-03-01,36.36,0.0008254230761677306,0.0,0,0,0.0,1.0
2023-03-02,34.85,-0.04241613210274542,0.0,0,0,-0.0,1.0
2023-03-03,34.82,-0.0008612028664898297,0.0,0,0,-0.0,1.0
2023-03-06,34.82,0.0,0.0,0,0,0.0,1.0
2023-03-07,34.71,-0.003164104466347961,0.0,0,0,-0.0,1.0
2023-03-08,34.68,-0.0008646779613541433,0.0,0,0,-0.0,1.0
2023-03-09,34.6,-0.0023094698486620935,0.0,0,0,-0.0,1.0
2023-03-10,34.46,-0.004054450963895118,0.0,0,0,-0.0,1.0
2023-03-13,34.46,0.0,0.0,0,0,0.0,1.0
2023-03-14,34.46,0.0,0.0,0,0,0.0,1.0
2023-03-15,34.46,0.0,0.0,0,0,0.0,1.0
2023-03-16,34.42,-0.0011614403163902054,0.0,0,0,-0.0,1.0
2023-03-17,34.43,0.0002904865670387835,0.0,0,0,0.0,1.0
2023-03-20,34.43,0.0,0.0,0,0,0.0,1.0
2023-03-21,34.42,-0.0002904865670387835,0.0,0,0,-0.0,1.0
2023-03-22,34.42,0.0,0.0,0,0,0.0,1.0
2023-03-23,34.3,-0.00349243661149945,0.0,0,0,-0.0,1.0
2023-03-24,34.25,-0.0014587894636597376,0.0,0,0,-0.0,1.0
2023-03-27,34.25,0.0,0.0,0,0,0.0,1.0
2023-03-28,34.25,0.0,0.0,0,0,0.0,1.0
2023-03-29,34.22,-0.000876296244186836,0.0,0,0,-0.0,1.0
2023-03-30,34.23,0.00029218407804654234,0.0,0,0,0.0,1.0
2023-03-31,34.23,0.0,0.0,0,0,0.0,1.0
2023-04-03,34.27,0.001167883344423526,0.0,0,0,0.0,1.0
2023-04-04,34.31,0.0011665209838409574,0.0,0,0,0.0,1.0
2023-04-05,34.31,0.0,0.0,0,0,0.0,1.0
2023-04-06,34.31,0.0,0.0,0,0,0.0,1.0
2023-04-07,34.31,0.0,0.0,0,0,0.0,1.0
2023-04-10,34.31,0.0,0.0,0,0,0.0,1.0
2023-04-11,34.31,0.0,0.0,0,0,0.0,1.0
2023-04-12,34.31,0.0,0.0,0,0,0.0,1.0
2023-04-13,34.32,0.0002914177494028891,0.0,0,0,0.0,1.0
2023-04-14,34.32,0.0,0.0,0,0,0.0,1.0
2023-04-17,34.32,0.0,0.0,0,0,0.0,1.0
2023-04-18,34.31,-0.0002914177494028891,0.0,0,0,-0.0,1.0
2023-04-19,34.31,0.0,0.0,0,0,0.0,1.0
2023-04-20,34.31,0.0,0.0,0,0,0.0,1.0
2023-04-21,34.3,-0.000291502698464452,0.0,0,0,-0.0,1.0
2023-04-24,34.3,0.0,0.0,0,0,0.0,1.0
2023-04-25,34.3,0.0,0.0,0,0,0.0,1.0
2023-04-26,34.31,0.000291502698464452,0.0,0,0,0.0,1.0
2023-04-27,34.32,0.0002914177494028891,0.0,0,0,0.0,1.0
2023-04-28,34.32,0.0,0.0,0,0,0.0,1.0
2023-05-01,34.32,0.0,0.0,0,0,0.0,1.0
2023-05-02,34.32,0.0,0.0,0,0,0.0,1.0
2023-05-03,34.32,0.0,0.0,0,0,0.0,1.0
2023-05-04,34.32,0.0,0.0,0,0,0.0,1.0
2023-05-05,34.32,0.0,0.0,0,0,0.0,1.0
2023-05-08,34.32,0.0,0.0,0,0,0.0,1.0
2023-05-09,34.38,0.0017467253349421341,0.0,0,0,0.0,1.0
2023-05-10,34.38,0.0,0.0,0,0,0.0,1.0
2023-05-11,34.425,0.0013080446600151063,0.0,0,0,0.0,1.0
2023-05-12,34.4,-0.0007264802353659228,0.0,0,0,-0.0,1.0
2023-05-15,34.41,0.00029065543003614636,0.0,0,0,0.0,1.0
2023-05-16,34.39,-0.0005813953652138437,0.0,0,0,-0.0,1.0
2023-05-17,34.41,0.0005813953652138437,0.0,0,0,0.0,1.0
2023-05-18,34.37,-0.0011631289476463635,0.0,0,0,-0.0,1.0
2023-05-19,34.38,0.0002909090929610336,0.0,0,0,0.0,1.0
2023-05-22,34.38,0.0,0.0,0,0,0.0,1.0
2023-05-23,34.4,0.0005815644246491836,0.0,0,0,0.0,1.0
2023-05-24,34.38,-0.0005815644246491836,0.0,0,0,-0.0,1.0
2023-05-25,34.39,0.0002908244894714862,0.0,0,0,0.0,1.0
2023-05-26,34.39,0.0,0.0,0,0,0.0,1.0
2023-05-29,34.39,0.0,0.0,0,0,0.0,1.0
2023-05-30,34.4,0.00029073993517769736,0.0,0,0,0.0,1.0
2023-05-31,34.41,0.00029065543003614636,0.0,0,0,0.0,1.0
2023-06-01,34.85,0.012705917397143995,0.0,0,0,0.0,1.0
2023-06-02,34.45,-0.011544139746864968,0.0,0,0,-0.0,1.0
2023-06-05,34.45,0.0,0.0,0,0,0.0,1.0
2023-06-06,34.45,0.0,0.0,0,0,0.0,1.0
2023-06-07,34.45,0.0,0.0,0,0,0.0,1.0
2023-06-08,34.45,0.0,0.0,0,0,0.0,1.0
2023-06-09,34.425,-0.0007259528449492514,0.0,0,0,-0.0,1.0
2023-06-12,34.44,0.00043563494481135834,0.0,0,0,0.0,1.0
2023-06-13,34.44,0.0,0.0,0,0,0.0,1.0
2023-06-14,34.56,0.0034782643763251464,0.0,0,0,0.0,1.0
2023-06-15,34.56,0.0,0.0,0,0,0.0,1.0
2023-06-16,34.56,0.0,0.0,0,0,0.0,1.0
2023-06-19,34.56,0.0,0.0,0,0,0.0,1.0
2023-06-20,34.56,0.0,0.0,0,0,0.0,1.0
2023-06-21,34.56,0.0,0.0,0,0,0.0,1.0
2023-06-22,34.56,0.0,0.0,0,0,0.0,1.0
2023-06-23,34.56,0.0,0.0,0,0,0.0,1.0
2023-06-26,34.56,0.0,0.0,0,0,0.0,1.0
2023-06-27,34.56,0.0,0.0,0,0,0.0,1.0
2023-06-28,34.56,0.0,0.0,0,0,0.0,1.0
2023-06-29,34.56,0.0,0.0,0,0,0.0,1.0
2023-06-30,34.56,0.0,0.0,0,0,0.0,1.0
2023-07-03,34.45,-0.0031879464761872534,0.0,0,0,-0.0,1.0
2023-07-04,34.56,0.0031879464761872534,0.0,0,0,0.0,1.0
2023-07-05,34.98,0.012079525654600687,0.0,0,0,0.0,1.0
2023-07-06,35.25,0.0076890596678218515,0.0,0,0,0.0,1.0
2023-07-07,35.47,0.006221739527252801,0.0,0,0,0.0,1.0
2023-07-10,35.47,0.0,0.0,0,0,0.0,1.0
2023-07-11,35.42,-0.0014106364308430486,0.0,0,0,-0.0,1.0
2023-07-12,35.48,0.0016925250866912656,0.0,0,0,0.0,1.0
2023-07-13,35.7,0.006181531344214619,0.0,0,0,0.0,1.0
2023-07-14,35.96,0.007256520817826129,0.0,0,0,0.0,1.0
2023-07-17,35.96,0.0,0.0,0,0,0.0,1.0
2023-07-18,36.65,0.01900621872924102,0.0,0,0,0.0,1.0
2023-07-19,36.95,0.008152219061550614,0.0,0,0,0.0,1.0
2023-07-20,36.955,0.00013530884263879273,0.0,0,0,0.0,1.0
2023-07-21,37.38,0.011434845790566861,0.0,0,0,0.0,1.0
2023-07-24,37.38,0.0,0.0,0,0,0.0,1.0
2023-07-25,37.92,0.014342875359404594,0.0,0,0,0.0,1.0
2023-07-26,38.02,0.0026336596734619633,0.0,0,0,0.0,1.0
2023-07-27,38.695,0.017598055662139345,0.0,0,0,0.0,1.0
2023-07-28,38.695,0.0,0.0,0,0,0.0,1.0
2023-07-31,38.64,-0.0014223833781055184,0.0,0,0,-0.0,1.0
2023-08-01,38.67,0.0007760962748886158,0.0,0,0,0.0,1.0
2023-08-02,37.945,-0.018926362763329596,0.0,0,0,-0.0,1.0
2023-08-03,37.88,-0.001714474537998445,0.0,0,0,-0.0,1.0
2023-08-04,37.88,0.0,0.0,0,0,0.0,1.0
2023-08-07,37.88,0.0,0.0,0,0,0.0,1.0
2023-08-08,37.87,-0.00026402640417444445,0.0,0,0,-0.0,1.0
2023-08-09,37.89,0.00052798311680613,0.0,0,0,0.0,1.0
2023-08-10,37.81,-0.002113607127667727,0.0,0,0,-0.0,1.0
2023-08-11,37.86,0.0013215278783351714,0.0,0,0,0.0,1.0
2023-08-14,37.865,0.00013205678460925796,0.0,0,0,0.0,1.0
2023-08-15,37.875,0.00026406126374700634,0.0,0,0,0.0,1.0
2023-08-16,38.77,0.02335548785330488,0.0,0,0,0.0,1.0
2023-08-17,37.905,-0.0225637221745707,0.0,0,0,-0.0,1.0
2023-08-18,37.915,0.00026378264463167156,0.0,0,0,0.0,1.0
2023-08-21,38.29,0.009841953336304332,0.0,0,0,0.0,1.0
2023-08-22,38.272,-0.00047020716103673976,0.0,0,0,-0.0,1.0
2023-08-23,38.259,-0.0003397316152939922,0.0,0,0,-0.0,1.0
2023-08-24,38.259,0.0,0.0,0,0,0.0,1.0
2023-08-25,38.409,0.003912980419279233,0.0,0,0,0.0,1.0
2023-08-28,37.97,-0.011495432888440682,0.0,0,0,-0.0,1.0
2023-08-29,38.336,0.009593028249272884,0.0,0,0,0.0,1.0
2023-08-30,37.95,-0.010119898651344883,0.0,0,0,-0.0,1.0
2023-08-31,38.296,0.009075948248568722,0.0,0,0,0.0,1.0
2023-09-01,38.295,-2.6112728650939943e-05,0.0,0,0,-0.0,1.0
2023-09-04,38.385,0.002347418918304811,0.0,0,0,0.0,1.0
2023-09-05,38.491,0.0027576894525256357,0.0,0,0,0.0,1.0
2023-09-06,38.105,-0.010078940614306475,0.0,0,0,-0.0,1.0
2023-09-07,38.39,0.007451501894625512,0.0,0,0,0.0,1.0
2023-09-08,38.115,-0.007189103572469158,0.0,0,0,-0.0,1.0
2023-09-11,38.354,0.006250919411086464,0.0,0,0,0.0,1.0
2023-09-12,38.425,0.0018494645733357906,0.0,0,0,0.0,1.0
2023-09-13,38.346,-0.0020580695284597716,0.0,0,0,-0.0,1.0
2023-09-14,38.015,-0.00866940121579951,0.0,0,0,-0.0,1.0
2023-09-15,38.015,0.0,0.0,0,0,0.0,1.0
2023-09-18,38.115,0.0026270867598370273,0.0,0,0,0.0,1.0
2023-09-19,38.015,-0.0026270867598370273,0.0,0,0,-0.0,1.0
2023-09-20,37.955,-0.001579571211668629,0.0,0,0,-0.0,1.0
2023-09-21,38.37,0.010874656790129666,0.0,0,0,0.0,1.0
2023-09-22,38.281,-0.0023222147133297177,0.0,0,0,-0.0,1.0
2023-09-25,38.375,0.0024525163618296375,0.0,0,0,0.0,1.0
2023-09-26,38.27,-0.0027399064697499753,0.0,0,0,-0.0,1.0
2023-09-27,38.045,-0.005896629809125198,0.0,0,0,-0.0,1.0
2023-09-28,38.259,0.0056091570843865846,0.0,0,0,0.0,1.0
2023-09-29,38.045,-0.0056091570843865846,0.0,0,0,-0.0,1.0
2023-10-02,38.045,0.0,0.0,0,0,0.0,1.0
2023-10-03,38.4,0.009287789965195081,0.0,0,0,0.0,1.0
2023-10-04,38.075,-0.00849956081245562,0.0,0,0,-0.0,1.0
2023-10-05,38.075,0.0,0.0,0,0,0.0,1.0
2023-10-06,38.11,0.000918816104543474,0.0,0,0,0.0,1.0
2023-10-09,38.405,0.007710944564876421,0.0,0,0,0.0,1.0
2023-10-10,38.405,0.0,0.0,0,0,0.0,1.0
2023-10-11,38.405,0.0,0.0,0,0,0.0,1.0
2023-10-12,38.21,-0.005090397991836859,0.0,0,0,-0.0,1.0
2023-10-13,38.21,0.0,0.0,0,0,0.0,1.0
2023-10-16,38.225,0.0003924903563174986,0.0,0,0,0.0,1.0
2023-10-17,38.425,0.005218537609533502,0.0,0,0,0.0,1.0
2023-10-18,38.47,0.001170427339544311,0.0,0,0,0.0,1.0
2023-10-19,38.815,0.008928053093439914,0.0,0,0,0.0,1.0
2023-10-20,38.815,0.0,0.0,0,0,0.0,1.0
2023-10-23,38.47,-0.008928053093439914,0.0,0,0,-0.0,1.0
2023-10-24,38.63,0.004150459913986104,0.0,0,0,0.0,1.0
2023-10-25,38.9,0.006965073946210598,0.0,0,0,0.0,1.0
2023-10-26,39.09,0.004872429180462934,0.0,0,0,0.0,1.0
2023-10-27,39.225,0.0034476188142331665,0.0,0,0,0.0,1.0
2023-10-30,38.115,-0.02870639317885937,0.0,0,0,-0.0,1.0
2023-10-31,38.604,0.012747992604652314,0.0,0,0,0.0,1.0
2023-11-01,39.21,0.015575918259350896,0.0,0,0,0.0,1.0
2023-11-02,39.21,0.0,0.0,0,0,0.0,1.0
2023-11-03,39.21,0.0,0.0,0,0,0.0,1.0
2023-11-06,39.21,0.0,0.0,0,0,0.0,1.0
2023-11-07,39.13,-0.0020423800819191484,0.0,0,0,-0.0,1.0
2023-11-08,39.195,0.0016597514183644968,0.0,0,0,0.0,1.0
2023-11-09,39.13,-0.0016597514183644968,0.0,0,0,-0.0,1.0
2023-11-10,39.64,0.012949273239466041,0.0,0,0,0.0,1.0
2023-11-13,39.13,-0.012949273239466041,0.0,0,0,-0.0,1.0
2023-11-14,39.13,0.0,0.0,0,0,0.0,1.0
2023-11-15,39.265,0.00344410060451672,0.0,0,0,0.0,1.0
2023-11-16,38.906,-0.009185056451212592,0.0,0,0,-0.0,1.0
2023-11-17,39.68,0.019698802041046903,0.0,0,0,0.0,1.0
2023-11-20,39.68,0.0,0.0,0,0,0.0,1.0
2023-11-21,39.94,0.0065310455709970405,0.0,0,0,0.0,1.0
2023-11-22,39.68,-0.0065310455709970405,0.0,0,0,-0.0,1.0
2023-11-23,39.911,0.00580469270691264,0.0,0,0,0.0,1.0
2023-11-24,39.6,-0.007822856863150207,0.0,0,0,-0.0,1.0
2023-11-27,39.6,0.0,0.0,0,0,0.0,1.0
2023-11-28,39.6,0.0,0.0,0,0,0.0,1.0
2023-11-29,39.6,0.0,0.0,0,0,0.0,1.0
2023-11-30,39.6,0.0,0.0,0,0,0.0,1.0
2023-12-01,39.66,0.001514004831215221,0.0,0,0,0.0,1.0
2023-12-04,39.66,0.0,0.0,0,0,0.0,1.0
2023-12-05,38.975,-0.01742270814780955,0.0,0,0,-0.0,1.0
2023-12-06,39.57,0.015150840453492798,0.0,0,0,0.0,1.0
2023-12-07,39.604,0.0008588678629348756,0.0,0,0,0.0,1.0
2023-12-08,39.509,-0.0024016292053623545,0.0,0,0,-0.0,1.0
2023-12-11,39.54,0.0007843236875650916,0.0,0,0,0.0,1.0
2023-12-12,39.541,2.529052490629624e-05,0.0,0,0,0.0,1.0
2023-12-13,39.58,0.0009858319070423782,0.0,0,0,0.0,1.0
2023-12-14,39.56,-0.0005054334199079413,0.0,0,0,-0.0,1.0
2023-12-15,39.8,0.0060484055358802635,0.0,0,0,0.0,1.0
2023-12-18,39.56,-0.0060484055358802635,0.0,0,0,-0.0,1.0
2023-12-19,39.94,0.009559821233157795,0.0,0,0,0.0,1.0
2023-12-20,40.18,0.005991031399119162,0.0,0,0,0.0,1.0
2023-12-21,39.56,-0.015550852632276957,0.0,0,0,-0.0,1.0
2023-12-22,39.56,0.0,0.0,0,0,0.0,1.0
2023-12-25,39.56,0.0,0.0,0,0,0.0,1.0
2023-12-26,39.6,0.0010106115059231868,0.0,0,0,0.0,1.0
2023-12-27,39.249,-0.008903152063585829,0.0,0,0,-0.0,1.0
2023-12-28,39.56,0.007892540557662642,0.0,0,0,0.0,1.0
2023-12-29,39.56,0.0,0.0,0,0,0.0,1.0
2024-01-01,39.56,0.0,0.0,0,0,0.0,1.0
2024-01-02,39.23,-0.008376746533050206,0.0,0,0,-0.0,1.0
2024-01-03,39.56,0.008376746533050206,0.0,0,0,0.0,1.0
2024-01-04,39.56,0.0,0.0,0,0,0.0,1.0
2024-01-05,39.56,0.0,0.0,0,0,0.0,1.0
2024-01-08,39.36,-0.005068434570458802,0.0,0,0,-0.0,1.0
2024-01-09,39.56,0.005068434570458802,0.0,0,0,0.0,1.0
2024-01-10,39.56,0.0,0.0,0,0,0.0,1.0
2024-01-11,39.55,-0.0002528125408485238,0.0,0,0,-0.0,1.0
2024-01-12,39.56,0.0002528125408485238,0.0,0,0,0.0,1.0
2024-01-15,39.56,0.0,0.0,0,0,0.0,1.0
2024-01-16,39.68,0.0030287756621607542,0.0,0,0,0.0,1.0
2024-01-17,39.55,-0.003281588203009278,0.0,0,0,-0.0,1.0
2024-01-18,39.56,0.0002528125408485238,0.0,0,0,0.0,1.0
2024-01-19,39.56,0.0,0.0,0,0,0.0,1.0
2024-01-22,39.56,0.0,0.0,0,0,0.0,1.0
2024-01-23,39.91,0.00880841230613072,0.0,0,0,0.0,1.0
2024-01-24,39.94,0.0007514089270270752,0.0,0,0,0.0,1.0
2024-01-25,39.56,-0.009559821233157795,0.0,0,0,-0.0,1.0
2024-01-26,39.56,0.0,0.0,0,0,0.0,1.0
2024-01-29,40.3,0.018532962198125613,0.0,0,0,0.0,1.0
2024-01-30,39.655,-0.016134425417354326,0.0,0,0,-0.0,1.0
2024-01-31,40.06,0.010161286702389472,0.0,0,0,0.0,1.0
2024-02-01,39.56,-0.01255982348316076,0.0,0,0,-0.0,1.0
2024-02-02,39.56,0.0,0.0,0,0,0.0,1.0
2024-02-05,39.56,0.0,0.0,0,0,0.0,1.0
2024-02-06,39.56,0.0,0.0,0,0,0.0,1.0
2024-02-07,39.58,0.0005054334199079413,0.0,0,0,0.0,1.0
2024-02-08,39.56,-0.0005054334199079413,0.0,0,0,-0.0,1.0
2024-02-09,39.56,0.0,0.0,0,0,0.0,1.0
2024-02-12,39.6,0.0010106115059231868,0.0,0,0,0.0,1.0
2024-02-13,39.74,0.003529118863236036,0.0,0,0,0.0,1.0
2024-02-14,39.56,-0.004539730369159223,0.0,0,0,-0.0,1.0
2024-02-15,39.7,0.003532680938633348,0.0,0,0,0.0,1.0
2024-02-16,39.56,-0.003532680938633348,0.0,0,0,-0.0,1.0
2024-02-19,39.56,0.0,0.0,0,0,0.0,1.0
2024-02-20,39.55,-0.0002528125408485238,0.0,0,0,-0.0,1.0
2024-02-21,39.605,0.0013896787025799995,0.0,0,0,0.0,1.0
2024-02-22,39.95,0.00867329929604077,0.0,0,0,0.0,1.0
2024-02-23,39.95,0.0,0.0,0,0,0.0,1.0
2024-02-26,39.94,-0.0002503442246144516,0.0,0,0,-0.0,1.0
2024-02-27,39.85,-0.0022559227514453717,0.0,0,0,-0.0,1.0
2024-02-28,39.86,0.00025090954842488244,0.0,0,0,0.0,1.0
2024-02-29,39.91,0.001253604275993414,0.0,0,0,0.0,1.0
2024-03-01,39.915,0.00012527403711981577,0.0,0,0,0.0,1.0
2024-03-04,39.97,0.0013769796254701205,0.0,0,0,0.0,1.0
2024-03-05,39.98,0.0002501563490215908,0.0,0,0,0.0,1.0
2024-03-06,39.96,-0.0005003752919008342,0.0,0,0,-0.0,1.0
2024-03-07,39.95,-0.0002502815680691661,0.0,0,0,-0.0,1.0
2024-03-08,39.95,0.0,0.0,0,0,0.0,1.0
2024-03-11,39.93,-0.0005007511371539763,0.0,0,0,-0.0,1.0
2024-03-12,39.93,0.0,0.0,0,0,0.0,1.0
2024-03-13,39.92,-0.00025046963186659,0.0,0,0,-0.0,1.0
2024-03-14,39.92,0.0,0.0,0,0,0.0,1.0
2024-03-15,39.94,0.0005008765444061147,0.0,0,0,0.0,1.0
2024-03-18,39.98,0.001001001084584452,0.0,0,0,0.0,1.0
2024-03-19,39.8,-0.004512416781861983,0.0,0,0,-0.0,1.0
2024-03-20,39.84,0.0010045204260058505,0.0,0,0,0.0,1.0
2024-03-21,40.02,0.004507896439189807,0.0,0,0,0.0,1.0
2024-03-22,40.02,0.0,0.0,0,0,0.0,1.0
2024-03-25,39.85,-0.004256923919363498,0.0,0,0,-0.0,1.0
2024-03-26,39.915,0.0016297878615381123,0.0,0,0,0.0,1.0
2024-03-27,39.915,0.0,0.0,0,0,0.0,1.0
2024-03-28,39.8,-0.002885280807370272,0.0,0,0,-0.0,1.0
2024-03-29,39.915,0.002885280807370272,0.0,0,0,0.0,1.0
2024-04-01,39.644,-0.0068125805533001405,0.0,0,0,-0.0,1.0
2024-04-02,39.8,0.003927299745929869,0.0,0,0,0.0,1.0
2024-04-03,39.64,-0.004028202828604499,0.0,0,0,-0.0,1.0
2024-04-04,39.8,0.004028202828604499,0.0,0,0,0.0,1.0
2024-04-05,39.7,-0.0025157245972469156,0.0,0,0,-0.0,1.0
2024-04-08,39.72,0.0005036514838270278,0.0,0,0,0.0,1.0
2024-04-09,39.72,0.0,0.0,0,0,0.0,1.0
2024-04-10,39.71,-0.00025179403381159204,0.0,0,0,-0.0,1.0
2024-04-11,39.74,0.000755191980510439,0.0,0,0,0.0,1.0
2024-04-12,39.7,-0.0010070494305258748,0.0,0,0,-0.0,1.0
2024-04-15,39.74,0.0010070494305258748,0.0,0,0,0.0,1.0
2024-04-16,39.7,-0.0010070494305258748,0.0,0,0,-0.0,1.0
2024-04-17,39.59,-0.002774626575105632,0.0,0,0,-0.0,1.0
2024-04-18,39.59,0.0,0.0,0,0,0.0,1.0
2024-04-19,39.59,0.0,0.0,0,0,0.0,1.0
2024-04-22,39.74,0.003781676005631507,0.0,0,0,0.0,1.0
2024-04-23,39.71,-0.000755191980510439,0.0,0,0,-0.0,1.0
2024-04-24,39.72,0.00025179403381159204,0.0,0,0,0.0,1.0
2024-04-25,39.406,-0.007936750203195952,0.0,0,0,-0.0,1.0
2024-04-26,39.406,0.0,0.0,0,0,0.0,1.0
2024-04-29,39.475,0.0017494711679297836,0.0,0,0,0.0,1.0
2024-04-30,39.454,-0.0005321238200286516,0.0,0,0,-0.0,1.0
2024-05-01,39.454,0.0,0.0,0,0,0.0,1.0
2024-05-02,39.66,0.005207686769972852,0.0,0,0,0.0,1.0
2024-05-03,39.96,0.007535830688703005,0.0,0,0,0.0,1.0
2024-05-06,39.91,-0.001252034719710693,0.0,0,0,-0.0,1.0
2024-05-07,39.91,0.0,0.0,0,0,0.0,1.0
2024-05-08,39.96,0.001252034719710693,0.0,0,0,0.0,1.0
2024-05-09,39.93,-0.0007510327052231425,0.0,0,0,-0.0,1.0
2024-05-10,40.11,0.004497758706831778,0.0,0,0,0.0,1.0
2024-05-13,39.7,-0.0102744920888167,0.0,0,0,-0.0,1.0
2024-05-14,39.62,-0.0020171464227400904,0.0,0,0,-0.0,1.0
2024-05-15,39.59,-0.0007574801523655417,0.0,0,0,-0.0,1.0
2024-05-16,39.6,0.0002525571423954709,0.0,0,0,0.0,1.0
2024-05-17,39.78,0.00453515516539138,0.0,0,0,0.0,1.0
2024-05-20,39.66,-0.003021150334176159,0.0,0,0,-0.0,1.0
2024-05-21,39.702,0.0010584411663274729,0.0,0,0,0.0,1.0
2024-05-22,39.7,-5.037656483253272e-05,0.0,0,0,-0.0,1.0
2024-05-23,39.409,-0.007356971078654517,0.0,0,0,-0.0,1.0
2024-05-24,39.59,0.004582344503548885,0.0,0,0,0.0,1.0
2024-05-27,39.439,-0.0038213866746210634,0.0,0,0,-0.0,1.0
2024-05-28,39.4,-0.000989358139530161,0.0,0,0,-0.0,1.0
2024-05-29,39.319,-0.0020579536982787694,0.0,0,0,-0.0,1.0
2024-05-30,39.52,0.0050990102740580134,0.0,0,0,0.0,1.0
2024-05-31,39.47,-0.0012659832049113362,0.0,0,0,-0.0,1.0
2024-06-03,39.269,-0.005105486140416726,0.0,0,0,-0.0,1.0
2024-06-04,39.42,0.003837898190234945,0.0,0,0,0.0,1.0
2024-06-05,39.4,-0.0005074854206861268,0.0,0,0,-0.0,1.0
2024-06-06,39.4,0.0,0.0,0,0,0.0,1.0
2024-06-07,39.4,0.0,0.0,0,0,0.0,1.0
2024-06-10,39.23,-0.004324056082426697,0.0,0,0,-0.0,1.0
2024-06-11,39.42,0.004831541503112824,0.0,0,0,0.0,1.0
2024-06-12,39.4,-0.0005074854206861268,0.0,0,0,-0.0,1.0
2024-06-13,39.39,-0.00025383932107336804,0.0,0,0,-0.0,1.0
2024-06-14,39.38,-0.0002539037718349846,0.0,0,0,-0.0,1.0
2024-06-17,39.38,0.0,0.0,0,0,0.0,1.0
2024-06-18,39.38,0.0,0.0,0,0,0.0,1.0
2024-06-19,39.23,-0.0038163129895183445,0.0,0,0,-0.0,1.0
2024-06-20,39.38,0.0038163129895183445,0.0,0,0,0.0,1.0
2024-06-21,39.38,0.0,0.0,0,0,0.0,1.0
2024-06-24,39.38,0.0,0.0,0,0,0.0,1.0
2024-06-25,39.38,0.0,0.0,0,0,0.0,1.0
2024-06-26,39.45,0.0017759740809037972,0.0,0,0,0.0,1.0
2024-06-27,39.62,0.0042999939785213215,0.0,0,0,0.0,1.0
2024-06-28,39.72,0.0025207979065671182,0.0,0,0,0.0,1.0
2024-07-01,39.625,-0.002394606979527314,0.0,0,0,-0.0,1.0
2024-07-02,39.72,0.002394606979527314,0.0,0,0,0.0,1.0
2024-07-03,39.75,0.0007550019233688587,0.0,0,0,0.0,1.0
2024-07-04,39.63,-0.0030234338979968634,0.0,0,0,-0.0,1.0
2024-07-05,39.63,0.0,0.0,0,0,0.0,1.0
2024-07-08,39.63,0.0,0.0,0,0,0.0,1.0
2024-07-09,39.75,0.0030234338979968634,0.0,0,0,0.0,1.0
2024-07-10,39.59,-0.004033279982301519,0.0,0,0,-0.0,1.0
2024-07-11,39.76,0.0042848206703340885,0.0,0,0,0.0,1.0
2024-07-12,39.59,-0.0042848206703340885,0.0,0,0,-0.0,1.0
2024-07-15,39.76,0.0042848206703340885,0.0,0,0,0.0,1.0
2024-07-16,39.77,0.0002514774312261103,0.0,0,0,0.0,1.0
2024-07-17,39.77,0.0,0.0,0,0,0.0,1.0
2024-07-18,39.46,-0.007825358625130008,0.0,0,0,-0.0,1.0
2024-07-19,39.77,0.007825358625130008,0.0,0,0,0.0,1.0
2024-07-22,39.76,-0.0002514774312261103,0.0,0,0,-0.0,1.0
2024-07-23,39.58,-0.004537441613953863,0.0,0,0,-0.0,1.0
2024-07-24,39.61,0.000757671459405973,0.0,0,0,0.0,1.0
2024-07-25,39.58,-0.000757671459405973,0.0,0,0,-0.0,1.0
2024-07-26,39.78,0.005040333251406626,0.0,0,0,0.0,1.0
2024-07-29,39.79,0.00025135101301110296,0.0,0,0,0.0,1.0
2024-07-30,39.58,-0.005291684264417729,0.0,0,0,-0.0,1.0
2024-07-31,39.67,0.002271294351819275,0.0,0,0,0.0,1.0
2024-08-01,39.79,0.0030203899125984535,0.0,0,0,0.0,1.0
2024-08-02,39.75,-0.0010057833384964354,0.0,0,0,-0.0,1.0
2024-08-05,39.61,-0.00352822946651532,0.0,0,0,-0.0,1.0
2024-08-06,39.61,0.0,0.0,0,0,0.0,1.0
2024-08-07,39.64,0.0007570978279618501,0.0,0,0,0.0,1.0
2024-08-08,39.6,-0.0010095912013525776,0.0,0,0,-0.0,1.0
2024-08-09,39.78,0.00453515516539138,0.0,0,0,0.0,1.0
2024-08-12,39.78,0.0,0.0,0,0,0.0,1.0
2024-08-13,39.78,0.0,0.0,0,0,0.0,1.0
2024-08-14,39.6,-0.00453515516539138,0.0,0,0,-0.0,1.0
2024-08-15,39.6,0.0,0.0,0,0,0.0,1.0
2024-08-16,39.8,0.005037794029957077,0.0,0,0,0.0,1.0
2024-08-19,39.585,-0.00541665366699462,0.0,0,0,-0.0,1.0
2024-08-20,39.79,0.005165365815440026,0.0,0,0,0.0,1.0
2024-08-21,39.58,-0.005291684264417729,0.0,0,0,-0.0,1.0
2024-08-22,39.78,0.005040333251406626,0.0,0,0,0.0,1.0
2024-08-23,39.76,-0.0005028916374527626,0.0,0,0,-0.0,1.0
2024-08-26,39.74,-0.0005031446647025817,0.0,0,0,-0.0,1.0
2024-08-27,39.74,0.0,0.0,0,0,0.0,1.0
2024-08-28,39.75,0.0002516039766700118,0.0,0,0,0.0,1.0
2024-08-29,39.78,0.0007544323254853325,0.0,0,0,0.0,1.0
2024-08-30,39.78,0.0,0.0,0,0,0.0,1.0
2024-09-02,39.57,-0.005293018028492913,0.0,0,0,-0.0,1.0
2024-09-03,39.78,0.005293018028492913,0.0,0,0,0.0,1.0
2024-09-04,39.75,-0.0007544323254853325,0.0,0,0,-0.0,1.0
2024-09-05,39.439,-0.007854666656922582,0.0,0,0,-0.0,1.0
2024-09-06,39.74,0.00760306268025257,0.0,0,0,0.0,1.0
2024-09-09,39.74,0.0,0.0,0,0,0.0,1.0
2024-09-10,39.439,-0.00760306268025257,0.0,0,0,-0.0,1.0
2024-09-11,39.459,0.0005069837113333975,0.0,0,0,0.0,1.0
2024-09-12,39.75,0.0073476829455891846,0.0,0,0,0.0,1.0
2024-09-13,39.77,0.0005030181192586802,0.0,0,0,0.0,1.0
2024-09-16,39.77,0.0,0.0,0,0,0.0,1.0
2024-09-17,39.645,-0.003148022495237157,0.0,0,0,-0.0,1.0
2024-09-18,39.519,-0.0031832678085623733,0.0,0,0,-0.0,1.0
2024-09-19,39.549,0.0007588405281429011,0.0,0,0,0.0,1.0
2024-09-20,39.73,0.004566160382564632,0.0,0,0,0.0,1.0
2024-09-23,39.76,0.0007548119618658866,0.0,0,0,0.0,1.0
2024-09-24,39.57,-0.00479012639104015,0.0,0,0,-0.0,1.0
2024-09-25,39.65,0.002019692683523644,0.0,0,0,0.0,1.0
2024-09-26,39.509,-0.003562454025951123,0.0,0,0,-0.0,1.0
2024-09-27,39.76,0.006332887733467629,0.0,0,0,0.0,1.0
2024-09-30,39.74,-0.0005031446647025817,0.0,0,0,-0.0,1.0
2024-10-01,39.519,-0.0055766682078708385,0.0,0,0,-0.0,1.0
2024-10-02,39.7,0.004569618777344964,0.0,0,0,0.0,1.0
2024-10-03,39.75,0.0012586534071958866,0.0,0,0,0.0,1.0
2024-10-04,39.72,-0.0007550019233688587,0.0,0,0,-0.0,1.0
2024-10-07,39.509,-0.005326345122066201,0.0,0,0,-0.0,1.0
2024-10-08,39.74,0.0058297430687650476,0.0,0,0,0.0,1.0
2024-10-09,39.529,-0.005323657377657831,0.0,0,0,-0.0,1.0
2024-10-10,39.76,0.005826802042360413,0.0,0,0,0.0,1.0
2024-10-11,39.75,-0.0002515406880325699,0.0,0,0,-0.0,1.0
2024-10-14,39.77,0.0005030181192586802,0.0,0,0,0.0,1.0
2024-10-15,39.65,-0.0030219111387426167,0.0,0,0,-0.0,1.0
2024-10-16,39.59,-0.0015143869628175821,0.0,0,0,-0.0,1.0
2024-10-17,39.65,0.0015143869628175821,0.0,0,0,0.0,1.0
2024-10-18,39.75,0.0025188930194839365,0.0,0,0,0.0,1.0
2024-10-21,39.76,0.0002515406880325699,0.0,0,0,0.0,1.0
2024-10-22,39.76,0.0,0.0,0,0,0.0,1.0
2024-10-23,39.93,0.0042665392867564655,0.0,0,0,0.0,1.0
2024-10-24,39.75,-0.0045180799747890354,0.0,0,0,-0.0,1.0
2024-10-25,39.98,0.005769487971913012,0.0,0,0,0.0,1.0
2024-10-28,39.9,-0.0020030051764359236,0.0,0,0,-0.0,1.0
2024-10-29,39.97,0.0017528488274143328,0.0,0,0,0.0,1.0
2024-10-30,39.95,-0.0005005005109484095,0.0,0,0,-0.0,1.0
2024-10-31,39.75,-0.005018831111943012,0.0,0,0,-0.0,1.0
2024-11-01,39.92,0.0042676103429224455,0.0,0,0,0.0,1.0
2024-11-04,39.92,0.0,0.0,0,0,0.0,1.0
2024-11-05,39.9,-0.0005011275474453569,0.0,0,0,-0.0,1.0
2024-11-06,39.9,0.0,0.0,0,0,0.0,1.0
2024-11-07,39.9,0.0,0.0,0,0,0.0,1.0
2024-11-08,39.9,0.0,0.0,0,0,0.0,1.0
2024-11-11,39.87,-0.0007521625025543877,0.0,0,0,-0.0,1.0
2024-11-12,39.9,0.0007521625025543877,0.0,0,0,0.0,1.0
2024-11-13,39.9,0.0,0.0,0,0,0.0,1.0
2024-11-14,39.9,0.0,0.0,0,0,0.0,1.0
2024-11-15,39.9,0.0,0.0,0,0,0.0,1.0
2024-11-18,39.9,0.0,0.0,0,0,0.0,1.0
2024-11-19,39.915,0.00037586920194421225,0.0,0,0,0.0,1.0
2024-11-20,40.0,0.00212726101617422,0.0,0,0,0.0,1.0
2024-11-21,39.94,-0.0015011261262669606,0.0,0,0,-0.0,1.0
2024-11-22,39.94,0.0,0.0,0,0,0.0,1.0
2024-11-25,39.99,0.0012510948710575676,0.0,0,0,0.0,1.0
2024-11-26,39.94,-0.0012510948710575676,0.0,0,0,-0.0,1.0
2024-11-27,39.89,-0.001252662070354127,0.0,0,0,-0.0,1.0
2024-11-28,39.89,0.0,0.0,0,0,0.0,1.0
2024-11-29,39.89,0.0,0.0,0,0,0.0,1.0
2024-12-02,39.66,-0.00578254282566526,0.0,0,0,-0.0,1.0
2024-12-03,39.89,0.00578254282566526,0.0,0,0,0.0,1.0
2024-12-04,39.76,-0.0032642841289418634,0.0,0,0,-0.0,1.0
2024-12-05,39.78,0.0005028916374527626,0.0,0,0,0.0,1.0
2024-12-06,39.66,-0.003021150334176159,0.0,0,0,-0.0,1.0
2024-12-09,39.84,0.004528309624747706,0.0,0,0,0.0,1.0
2024-12-10,39.9,0.0015048911794202091,0.0,0,0,0.0,1.0
2024-12-11,39.86,-0.0010030091111690176,0.0,0,0,-0.0,1.0
2024-12-12,39.85,-0.00025090954842488244,0.0,0,0,-0.0,1.0
2024-12-13,39.85,0.0,0.0,0,0,0.0,1.0
2024-12-16,39.97,0.003006767487008233,0.0,0,0,0.0,1.0
2024-12-17,39.96,-0.0002502189428792434,0.0,0,0,-0.0,1.0
2024-12-18,39.96,0.0,0.0,0,0,0.0,1.0
2024-12-19,39.77,-0.004766094560753498,0.0,0,0,-0.0,1.0
2024-12-20,39.77,0.0,0.0,0,0,0.0,1.0
2024-12-23,40.01,0.006016563649544171,0.0,0,0,0.0,1.0
2024-12-24,40.07,0.0014985017789097554,0.0,0,0,0.0,1.0
2024-12-25,40.07,0.0,0.0,0,0,0.0,1.0
2024-12-26,39.89,-0.004502258730738173,0.0,0,0,-0.0,1.0
2024-12-27,39.89,0.0,0.0,0,0,0.0,1.0
2024-12-30,39.88,-0.00025072082367749715,0.0,0,0,-0.0,1.0
2024-12-31,39.81,-0.0017568080814118758,0.0,0,0,-0.0,1.0
2025-01-01,39.81,0.0,0.0,0,0,0.0,1.0
2025-01-02,40.01,0.005011285856917791,0.0,0,0,0.0,1.0
2025-01-03,40.01,0.0,0.0,0,0,0.0,1.0
2025-01-06,39.78,-0.005765149443317519,0.0,0,0,-0.0,1.0
2025-01-07,39.96,0.0045146803545268455,0.0,0,0,0.0,1.0
2025-01-08,39.89,-0.0017532878630377446,0.0,0,0,-0.0,1.0
2025-01-09,39.91,0.0005012531433270517,0.0,0,0,0.0,1.0
2025-01-10,39.91,0.0,0.0,0,0,0.0,1.0
2025-01-13,39.71,-0.005023873917481936,0.0,0,0,-0.0,1.0
2025-01-14,39.65,-0.0015120970623034857,0.0,0,0,-0.0,1.0
2025-01-15,39.77,0.0030219111387426167,0.0,0,0,0.0,1.0
2025-01-16,39.73,-0.001006289393091997,0.0,0,0,-0.0,1.0
2025-01-17,39.73,0.0,0.0,0,0,0.0,1.0
2025-01-20,39.91,0.004520349234134802,0.0,0,0,0.0,1.0
2025-01-21,39.91,0.0,0.0,0,0,0.0,1.0
2025-01-22,39.83,-0.0020065218670892726,0.0,0,0,-0.0,1.0
2025-01-23,39.99,0.004009025665173915,0.0,0,0,0.0,1.0
2025-01-24,39.99,0.0,0.0,0,0,0.0,1.0
2025-01-27,39.93,-0.0015015017835970923,0.0,0,0,-0.0,1.0
2025-01-28,39.95,0.0005007511371539763,0.0,0,0,0.0,1.0
2025-01-29,39.91,-0.0010017531516415268,0.0,0,0,-0.0,1.0
2025-01-30,40.06,0.0037514111770300396,0.0,0,0,0.0,1.0
2025-01-31,40.06,0.0,0.0,0,0,0.0,1.0
2025-02-03,40.13,0.0017458540411530166,0.0,0,0,0.0,1.0
2025-02-04,40.16,0.0007472911046484398,0.0,0,0,0.0,1.0
2025-02-05,40.1,-0.0014951410709502788,0.0,0,0,-0.0,1.0
2025-02-06,40.05,-0.0012476607981550814,0.0,0,0,-0.0,1.0
2025-02-07,40.05,0.0,0.0,0,0,0.0,1.0
2025-02-10,39.95,-0.002500001302084609,0.0,0,0,-0.0,1.0
2025-02-11,40.04,0.0022502822347361118,0.0,0,0,0.0,1.0
2025-02-12,40.17,0.003241493924170946,0.0,0,0,0.0,1.0
2025-02-13,39.85,-0.007998043134966881,0.0,0,0,-0.0,1.0
2025-02-14,40.0,0.0037570488777123323,0.0,0,0,0.0,1.0
2025-02-17,39.99,-0.00025003125520939307,0.0,0,0,-0.0,1.0
2025-02-18,39.98,-0.00025009378647311564,0.0,0,0,-0.0,1.0
2025-02-19,40.05,0.0017493444421146087,0.0,0,0,0.0,1.0
2025-02-20,40.01,-0.0009992506452247696,0.0,0,0,-0.0,1.0
2025-02-21,40.05,0.0009992506452247696,0.0,0,0,0.0,1.0
2025-02-24,39.99,-0.001499250655641493,0.0,0,0,-0.0,1.0
2025-02-25,40.0,0.00025003125520939307,0.0,0,0,0.0,1.0
2025-02-26,39.97,-0.0007502813907040995,0.0,0,0,-0.0,1.0
2025-02-27,39.95,-0.0005005005109484095,0.0,0,0,-0.0,1.0
2025-02-28,39.95,0.0,0.0,0,0,0.0,1.0
2025-03-03,39.92,-0.0007512207690205663,0.0,0,0,-0.0,1.0
2025-03-04,39.85,-0.001755046207039257,0.0,0,0,-0.0,1.0
2025-03-05,39.9,0.0012539186595939,0.0,0,0,0.0,1.0
2025-03-06,39.89,-0.00025065797850265525,0.0,0,0,-0.0,1.0
2025-03-07,39.89,0.0,0.0,0,0,0.0,1.0
2025-03-10,39.94,0.001252662070354127,0.0,0,0,0.0,1.0
2025-03-11,39.94,0.0,0.0,0,0,0.0,1.0
2025-03-12,39.94,0.0,0.0,0,0,0.0,1.0
2025-03-13,39.74,-0.005020090863998572,0.0,0,0,-0.0,1.0
2025-03-14,39.91,0.004268681936971497,0.0,0,0,0.0,1.0
2025-03-17,39.9,-0.0002505951648243965,0.0,0,0,-0.0,1.0
2025-03-18,39.88,-0.0005013788021801524,0.0,0,0,-0.0,1.0
2025-03-19,39.87,-0.00025078370037423525,0.0,0,0,-0.0,1.0
2025-03-20,39.69,-0.004524894598289642,0.0,0,0,-0.0,1.0
2025-03-21,39.91,0.005527652265668426,0.0,0,0,0.0,1.0
2025-03-24,39.9,-0.0002505951648243965,0.0,0,0,-0.0,1.0
2025-03-25,39.9,0.0,0.0,0,0,0.0,1.0
2025-03-26,39.96,0.0015026298845350894,0.0,0,0,0.0,1.0
2025-03-27,39.96,0.0,0.0,0,0,0.0,1.0
2025-03-28,39.97,0.0002502189428792434,0.0,0,0,0.0,1.0
2025-03-31,39.97,0.0,0.0,0,0,0.0,1.0
2025-04-01,39.85,-0.003006767487008233,0.0,0,0,-0.0,1.0
2025-04-02,39.87,0.0005017561570395124,0.0,0,0,0.0,1.0
2025-04-03,39.88,0.00025078370037423525,0.0,0,0,0.0,1.0
2025-04-04,39.88,0.0,0.0,0,0,0.0,1.0
2025-04-07,39.83,-0.0012545479000847237,0.0,0,0,-0.0,1.0
2025-04-08,39.85,0.0005020080426709761,0.0,0,0,0.0,1.0
2025-04-09,39.8,-0.0012554929458321595,0.0,0,0,-0.0,1.0
2025-04-10,39.78,-0.0005026388645656965,0.0,0,0,-0.0,1.0
2025-04-11,39.78,0.0,0.0,0,0,0.0,1.0
2025-04-14,39.72,-0.0015094342488541912,0.0,0,0,-0.0,1.0
2025-04-15,39.7,-0.0005036514838270278,0.0,0,0,-0.0,1.0
2025-04-16,39.46,-0.006063687098675441,0.0,0,0,-0.0,1.0
2025-04-17,39.65,0.004803447486387391,0.0,0,0,0.0,1.0
2025-04-18,39.64,-0.0002522386190695336,0.0,0,0,-0.0,1.0
2025-04-21,39.64,0.0,0.0,0,0,0.0,1.0
2025-04-22,39.58,-0.0015147692873678231,0.0,0,0,-0.0,1.0
2025-04-23,39.78,0.005040333251406626,0.0,0,0,0.0,1.0
2025-04-24,39.78,0.0,0.0,0,0,0.0,1.0
2025-04-25,39.675,-0.0026430070133534045,0.0,0,0,-0.0,1.0
2025-04-28,39.77,0.0023915928071267523,0.0,0,0,0.0,1.0
2025-04-29,39.725,-0.0011321467968197219,0.0,0,0,-0.0,1.0
2025-04-30,39.82,0.0023885862132706492,0.0,0,0,0.0,1.0
2025-05-01,39.83,0.0002510985575026048,0.0,0,0,0.0,1.0
2025-05-02,39.83,0.0,0.0,0,0,0.0,1.0
2025-05-05,39.84,0.000251035522844667,0.0,0,0,0.0,1.0
2025-05-06,39.85,0.0002509725198263091,0.0,0,0,0.0,1.0
2025-05-07,39.84,-0.0002509725198263091,0.0,0,0,-0.0,1.0
2025-05-08,39.84,0.0,0.0,0,0,0.0,1.0
2025-05-09,39.84,0.0,0.0,0,0,0.0,1.0
2025-05-12,39.64,-0.0050327232546103495,0.0,0,0,-0.0,1.0
2025-05-13,39.73,0.0022678603647201534,0.0,0,0,0.0,1.0
2025-05-14,39.66,-0.00176344673485751,0.0,0,0,-0.0,1.0
2025-05-15,39.84,0.004528309624747706,0.0,0,0,0.0,1.0
2025-05-16,39.81,-0.0007532957041718191,0.0,0,0,-0.0,1.0
2025-05-19,39.82,0.0002511616238245473,0.0,0,0,0.0,1.0
2025-05-20,39.82,0.0,0.0,0,0,0.0,1.0
2025-05-21,39.675,-0.0036480322235776796,0.0,0,0,-0.0,1.0
2025-05-22,39.59,-0.0021447052944334466,0.0,0,0,-0.0,1.0
2025-05-23,39.77,0.004536298101560199,0.0,0,0,0.0,1.0
2025-05-26,39.77,0.0,0.0,0,0,0.0,1.0
2025-05-27,39.57,-0.005041603822266261,0.0,0,0,-0.0,1.0
2025-05-28,39.77,0.005041603822266261,0.0,0,0,0.0,1.0
2025-05-29,39.71,-0.001509814076439131,0.0,0,0,-0.0,1.0
2025-05-30,39.76,0.0012583366452130207,0.0,0,0,0.0,1.0
2025-06-02,39.74,-0.0005031446647025817,0.0,0,0,-0.0,1.0
2025-06-03,39.74,0.0,0.0,0,0,0.0,1.0
2025-06-04,39.71,-0.000755191980510439,0.0,0,0,-0.0,1.0
2025-06-05,39.71,0.0,0.0,0,0,0.0,1.0
2025-06-06,39.71,0.0,0.0,0,0,0.0,1.0
2025-06-09,39.72,0.00025179403381159204,0.0,0,0,0.0,1.0
2025-06-10,39.529,-0.004820259430958984,0.0,0,0,-0.0,1.0
2025-06-11,39.7,0.004316607947131956,0.0,0,0,0.0,1.0
2025-06-12,39.7,0.0,0.0,0,0,0.0,1.0
2025-06-13,39.7,0.0,0.0,0,0,0.0,1.0
2025-06-16,39.7,0.0,0.0,0,0,0.0,1.0
2025-06-17,39.67,-0.0007559531669061315,0.0,0,0,-0.0,1.0
2025-06-18,39.72,0.0012596046507331593,0.0,0,0,0.0,1.0
2025-06-19,39.67,-0.0012596046507331593,0.0,0,0,-0.0,1.0
2025-06-20,39.67,0.0,0.0,0,0,0.0,1.0
2025-06-23,39.71,0.0010078106169215673,0.0,0,0,0.0,1.0
2025-06-24,39.86,0.0037702696414885217,0.0,0,0,0.0,1.0
2025-06-25,39.88,0.0005016303089888652,0.0,0,0,0.0,1.0
2025-06-26,39.88,0.0,0.0,0,0,0.0,1.0
2025-06-27,39.75,-0.003265103993296936,0.0,0,0,-0.0,1.0
2025-06-30,39.86,0.002763473684308071,0.0,0,0,0.0,1.0
2025-07-01,39.89,0.0007523511326663623,0.0,0,0,0.0,1.0
2025-07-02,39.89,0.0,0.0,0,0,0.0,1.0
2025-07-03,39.64,-0.006286956455527903,0.0,0,0,-0.0,1.0
2025-07-04,39.69,0.0012605573331865294,0.0,0,0,0.0,1.0
2025-07-07,39.8,0.0027676454954179697,0.0,0,0,0.0,1.0
2025-07-08,39.93,0.0032610087847380065,0.0,0,0,0.0,1.0
2025-07-09,39.97,0.0010012516481023859,0.0,0,0,0.0,1.0
2025-07-10,39.75,-0.005519331622891421,0.0,0,0,-0.0,1.0
2025-07-11,39.91,0.004017077960301485,0.0,0,0,0.0,1.0
2025-07-14,39.93,0.0005010020144875504,0.0,0,0,0.0,1.0
2025-07-15,39.93,0.0,0.0,0,0,0.0,1.0
2025-07-16,40.02,0.002251408080457651,0.0,0,0,0.0,1.0
2025-07-17,40.02,0.0,0.0,0,0,0.0,1.0
2025-07-18,39.96,-0.0015003753752345084,0.0,0,0,-0.0,1.0
2025-07-21,39.96,0.0,0.0,0,0,0.0,1.0
2025-07-22,39.95,-0.0002502815680691661,0.0,0,0,-0.0,1.0
2025-07-23,39.8,-0.003761759921891983,0.0,0,0,-0.0,1.0
2025-07-24,39.96,0.004012041489961149,0.0,0,0,0.0,1.0
2025-07-25,39.96,0.0,0.0,0,0,0.0,1.0
2025-07-28,39.72,-0.006024114603381037,0.0,0,0,-0.0,1.0
2025-07-29,39.83,0.002765558016581071,0.0,0,0,0.0,1.0
2025-07-30,40.04,0.005258557253466911,0.0,0,0,0.0,1.0
2025-07-31,40.05,0.00024971906734849725,0.0,0,0,0.0,1.0
2025-08-01,40.09,0.0009982531400472006,0.0,0,0,0.0,1.0
2025-08-04,39.89,-0.005001260737100388,0.0,0,0,-0.0,1.0
2025-08-05,39.96,0.0017532878630377446,0.0,0,0,0.0,1.0
2025-08-06,39.8,-0.004012041489961149,0.0,0,0,-0.0,1.0
2025-08-07,39.84,0.0010045204260058505,0.0,0,0,0.0,1.0
2025-08-08,40.04,0.005007521730622244,0.0,0,0,0.0,1.0
2025-08-11,40.05,0.00024971906734849725,0.0,0,0,0.0,1.0
2025-08-12,39.86,-0.00475535872971955,0.0,0,0,-0.0,1.0
2025-08-13,40.02,0.004006014370938615,0.0,0,0,0.0,1.0
2025-08-14,39.92,-0.002501877712324241,0.0,0,0,-0.0,1.0
2025-08-15,40.03,0.002751721561219167,0.0,0,0,0.0,1.0
2025-08-18,40.03,0.0,0.0,0,0,0.0,1.0
2025-08-19,40.06,0.0007491572331899121,0.0,0,0,0.0,1.0
2025-08-20,39.94,-0.0030000022500029644,0.0,0,0,-0.0,1.0
2025-08-21,40.11,0.004247351794292253,0.0,0,0,0.0,1.0
2025-08-22,40.11,0.0,0.0,0,0,0.0,1.0
2025-08-25,40.09,-0.0004987531275459922,0.0,0,0,-0.0,1.0
2025-08-26,40.09,0.0,0.0,0,0,0.0,1.0
2025-08-27,39.94,-0.003748598666746261,0.0,0,0,-0.0,1.0
2025-08-28,40.15,0.005244112405101475,0.0,0,0,0.0,1.0
2025-08-29,40.07,-0.001994515744717429,0.0,0,0,-0.0,1.0
2025-09-01,40.07,0.0,0.0,0,0,0.0,1.0
2025-09-02,39.94,-0.0032495966603840465,0.0,0,0,-0.0,1.0
2025-09-03,40.09,0.003748598666746261,0.0,0,0,0.0,1.0
2025-09-04,40.09,0.0,0.0,0,0,0.0,1.0
2025-09-05,40.05,-0.0009982531400472006,0.0,0,0,-0.0,1.0
2025-09-08,39.832,-0.0054580641744865765,0.0,0,0,-0.0,1.0
2025-09-09,39.96,0.0032083444404711337,0.0,0,0,0.0,1.0
2025-09-10,39.92,-0.0010015023370897325,0.0,0,0,-0.0,1.0
2025-09-11,39.94,0.0005008765444061147,0.0,0,0,0.0,1.0
2025-09-12,40.01,0.001751094881474291,0.0,0,0,0.0,1.0
2025-09-15,40.01,0.0,0.0,0,0,0.0,1.0
2025-09-16,39.94,-0.001751094881474291,0.0,0,0,-0.0,1.0
2025-09-17,40.0,0.0015011261262669606,0.0,0,0,0.0,1.0
2025-09-18,40.0,0.0,0.0,0,0,0.0,1.0
2025-09-19,40.0,0.0,0.0,0,0,0.0,1.0
2025-09-22,40.02,0.0004998750416511655,0.0,0,0,0.0,1.0
2025-09-23,39.9,-0.0030030052597695978,0.0,0,0,-0.0,1.0
2025-09-24,39.94,0.0010020040918514717,0.0,0,0,0.0,1.0
2025-09-25,39.98,0.001001001084584452,0.0,0,0,0.0,1.0
2025-09-26,39.98,0.0,0.0,0,0,0.0,1.0
2025-09-29,40.01,0.0007500937968898391,0.0,0,0,0.0,1.0
2025-09-30,40.01,0.0,0.0,0,0,0.0,1.0
2025-10-01,40.02,0.00024990628644383506,0.0,0,0,0.0,1.0
2025-10-02,39.8,-0.005512416865195657,0.0,0,0,-0.0,1.0
2025-10-03,39.94,0.0035114156972775312,0.0,0,0,0.0,1.0
2025-10-06,39.87,-0.0017541665944058593,0.0,0,0,-0.0,1.0
2025-10-07,40.07,0.005003763254789906,0.0,0,0,0.0,1.0
2025-10-08,39.94,-0.0032495966603840465,0.0,0,0,-0.0,1.0
2025-10-09,40.01,0.001751094881474291,0.0,0,0,0.0,1.0
2025-10-10,40.08,0.0017480339074658069,0.0,0,0,0.0,1.0
2025-10-13,40.08,0.0,0.0,0,0,0.0,1.0
2025-10-14,40.08,0.0,0.0,0,0,0.0,1.0
2025-10-15,40.0,-0.0019980026626731373,0.0,0,0,-0.0,1.0
2025-10-16,40.01,0.0002499687552073304,0.0,0,0,0.0,1.0
2025-10-17,40.025,0.0003748360136346385,0.0,0,0,0.0,1.0
2025-10-20,39.99,-0.000874836024051362,0.0,0,0,-0.0,1.0
2025-10-21,40.2,0.00523757276624881,0.0,0,0,0.0,1.0
2025-10-22,40.17,-0.0007465472537848683,0.0,0,0,-0.0,1.0
2025-10-23,40.05,-0.002991774856822449,0.0,0,0,-0.0,1.0
2025-10-24,40.2,0.0037383221106073172,0.0,0,0,0.0,1.0
2025-10-27,40.2,0.0,0.0,0,0,0.0,1.0
2025-10-28,40.25,0.0012430082395966657,0.0,0,0,0.0,1.0
2025-10-29,40.25,0.0,0.0,0,0,0.0,1.0
2025-10-30,40.25,0.0,0.0,0,0,0.0,1.0
2025-10-31,40.07,-0.004482079216518997,0.0,0,0,-0.0,1.0
2025-11-03,40.07,0.0,0.0,0,0,0.0,1.0
2025-11-04,40.07,0.0,0.0,0,0,0.0,1.0
2025-11-05,39.88,-0.0047529795544156705,0.0,0,0,-0.0,1.0
2025-11-06,39.9,0.0005013788021801524,0.0,0,0,0.0,1.0
2025-11-07,39.88,-0.0005013788021801524,0.0,0,0,-0.0,1.0
2025-11-10,39.88,0.0,0.0,0,0,0.0,1.0
2025-11-11,39.88,0.0,0.0,0,0,0.0,1.0
2025-11-12,39.86,-0.0005016303089888652,0.0,0,0,-0.0,1.0
2025-11-13,39.669,-0.004803288541853412,0.0,0,0,-0.0,1.0
2025-11-14,39.75,0.002039814857545341,0.0,0,0,0.0,1.0
2025-11-17,39.81,0.0015082959118850603,0.0,0,0,0.0,1.0
2025-11-18,39.8,-0.00025122472183403133,0.0,0,0,-0.0,1.0
2025-11-19,39.7,-0.0025157245972469156,,0,0,-0.0,1.0
2025-11-20,39.86,0.0040221270915039575,,0,0,0.0,1.0
2025-11-21,39.86,0.0,,0,0,0.0,1.0
2025-11-24,39.75,-0.002763473684308071,,0,0,-0.0,1.0
2025-11-25,39.94,0.00476848688732856,,0,0,0.0,1.0
